{
  "bonus_chest": true,
  "dimensions": {
    "minecraft:overworld": {
      "type": "minecraft:overworld",
      "generator": {
        "biome_source": {
          "seed": -2449646593753426340,
          "large_biomes": false,
          "type": "minecraft:vanilla_layered"
        },
        "seed": -2449646593753426340,
        "settings": "minecraft:overworld",
        "type": "minecraft:noise"
      }
    },
    "minecraft:the_nether": {
      "type": "minecraft:the_nether",
      "generator": {
        "biome_source": {
          "preset": "minecraft:nether",
          "seed": -2449646593753426340,
          "type": "minecraft:multi_noise"
        },
        "seed": -2449646593753426340,
        "settings": "minecraft:nether",
        "type": "minecraft:noise"
      }
    },
    "minecraft:the_end": {
      "type": "minecraft:the_end",
      "generator": {
        "biome_source": {
          "seed": -2449646593753426340,
          "type": "minecraft:the_end"
        },
        "seed": -2449646593753426340,
        "settings": "minecraft:end",
        "type": "minecraft:noise"
      }
    },
    "lostcities:lostcity": {
      "type": "lostcities:lostcity",
      "generator": {
        "biome_source": {
          "seed": 0,
          "large_biomes": false,
          "type": "minecraft:vanilla_layered"
        },
        "seed": 0,
        "settings": "minecraft:overworld",
        "type": "minecraft:noise"
      }
    }
  },
  "seed": -2449646593753426340,
  "generate_features": true
}