{"stats":{"minecraft:killed_by":{"minecraft:player":2},"minecraft:mined":{"minecraft:furnace":1,"minecraft:iron_ore":8,"minecraft:sweet_berry_bush":1,"minecraft:pumpkin":3,"minecraft:crafting_table":1,"minecraft:grass_block":1,"minecraft:oak_log":5,"minecraft:coal_ore":67,"minecraft:dirt":1,"minecraft:stone":37,"minecraft:oak_leaves":3},"minecraft:picked_up":{"minecraft:crafting_table":1,"minecraft:stick":6,"minecraft:pumpkin":3,"minecraft:sweet_berries":2,"minecraft:wooden_pickaxe":5,"minecraft:oak_log":5,"minecraft:ink_sac":5,"minecraft:dirt":2,"minecraft:arrow":2,"betteranimalsplus:eel_meat_raw":5,"minecraft:bone":4,"minecraft:stone_axe":1,"minecraft:stone_pickaxe":2,"minecraft:iron_ore":8,"minecraft:oak_sapling":3,"minecraft:oak_planks":21,"minecraft:coal":130,"minecraft:cobblestone":90,"minecraft:furnace":1},"minecraft:crafted":{"minecraft:oak_planks":20,"minecraft:crafting_table":1,"minecraft:stick":4,"minecraft:stone_pickaxe":1,"betteranimalsplus:eel_meat_cooked":2,"minecraft:furnace":1,"minecraft:torch":4,"minecraft:stone_axe":1,"minecraft:air":0},"minecraft:custom":{"minecraft:time_since_rest":16430,"minecraft:interact_with_furnace":3,"minecraft:sprint_one_cm":49047,"minecraft:damage_taken":893,"minecraft:walk_one_cm":47884,"minecraft:mob_kills":6,"minecraft:drop":20,"minecraft:damage_dealt":920,"minecraft:swim_one_cm":6429,"minecraft:interact_with_crafting_table":3,"minecraft:fly_one_cm":34793,"minecraft:player_kills":1,"minecraft:play_one_minute":18838,"minecraft:crouch_one_cm":1988,"minecraft:deaths":2,"minecraft:sneak_time":763,"minecraft:walk_under_water_one_cm":8841,"minecraft:jump":294,"minecraft:leave_game":1,"minecraft:walk_on_water_one_cm":8737,"minecraft:time_since_death":16398,"minecraft:fall_one_cm":4008},"minecraft:dropped":{"minecraft:stone_axe":1,"minecraft:cobblestone":53,"minecraft:oak_planks":21,"minecraft:stone_pickaxe":2,"minecraft:wooden_pickaxe":4,"minecraft:stick":2},"minecraft:killed":{"betteranimalsplus:eel_freshwater":2,"minecraft:skeleton":1,"betteranimalsplus:lamprey":1,"minecraft:creeper":1,"minecraft:squid":1},"minecraft:used":{"betteranimalsplus:eel_meat_cooked":2,"minecraft:stone_pickaxe":115,"minecraft:wooden_pickaxe":15,"minecraft:stone_axe":9,"minecraft:dirt":2,"minecraft:crafting_table":1,"minecraft:sweet_berries":5,"minecraft:furnace":1,"minecraft:oak_sapling":3}},"DataVersion":2586}