{"stats":{"minecraft:killed_by":{"minecraft:skeleton":1,"minecraft:zombie":1},"minecraft:mined":{"minecraft:jungle_leaves":3,"minecraft:blue_stained_glass":4,"minecraft:crafting_table":2,"minecraft:gray_stained_glass":6,"minecraft:white_stained_glass":8,"minecraft:spruce_leaves":3,"minecraft:spawner":7,"minecraft:light_blue_stained_glass":5,"minecraft:glowstone":1,"minecraft:birch_log":2,"minecraft:oak_log":6,"minecraft:iron_bars":1,"minecraft:sand":3,"minecraft:stone":4,"minecraft:stone_bricks":16,"minecraft:mossy_stone_bricks":1,"minecraft:oak_leaves":6},"minecraft:killed":{"minecraft:husk":1,"minecraft:zombie_villager":1,"minecraft:spider":5,"betteranimalsplus:butterfly":1,"minecraft:creeper":2,"minecraft:skeleton":10,"minecraft:zombie":23},"minecraft:dropped":{"minecraft:wooden_pickaxe":1},"minecraft:used":{"minecraft:mossy_stone_bricks":2,"minecraft:iron_bars":1,"minecraft:birch_planks":3,"minecraft:stone_pickaxe":28,"minecraft:ladder":2,"minecraft:oak_planks":4,"minecraft:shield":82,"minecraft:wooden_pickaxe":3,"spartanweaponry:boomerang_wood":3,"minecraft:rotten_flesh":37,"minecraft:sand":3,"minecraft:crafting_table":3,"minecraft:acacia_sapling":3,"minecraft:cyan_terracotta":5,"minecraft:apple":3,"spartanweaponry:rapier_stone":128,"minecraft:bow":2},"minecraft:custom":{"minecraft:interact_with_furnace":4,"minecraft:mob_kills":44,"minecraft:interact_with_crafting_table":4,"minecraft:play_one_minute":40389,"minecraft:leave_game":2,"minecraft:time_since_death":12460,"minecraft:climb_one_cm":32025,"minecraft:time_since_rest":12487,"minecraft:sprint_one_cm":180596,"minecraft:damage_taken":1323,"minecraft:walk_one_cm":110215,"minecraft:damage_blocked_by_shield":1625,"minecraft:drop":1,"minecraft:damage_dealt":7504,"minecraft:fly_one_cm":111523,"minecraft:open_chest":12,"minecraft:crouch_one_cm":4087,"minecraft:deaths":2,"minecraft:sneak_time":1514,"minecraft:jump":627,"minecraft:fall_one_cm":20095},"minecraft:crafted":{"minecraft:oak_planks":24,"minecraft:crafting_table":1,"minecraft:wooden_pickaxe":1,"minecraft:birch_planks":8,"minecraft:shield":1,"minecraft:stick":4,"minecraft:stone_pickaxe":1},"minecraft:broken":{"spartanweaponry:rapier_stone":1},"minecraft:picked_up":{"minecraft:birch_log":2,"minecraft:crafting_table":2,"minecraft:ladder":2,"minecraft:potato":1,"minecraft:oak_log":6,"minecraft:gunpowder":5,"minecraft:string":6,"minecraft:leather_boots":1,"minecraft:bone":28,"minecraft:apple":3,"minecraft:stone_bricks":15,"minecraft:bow":1,"minecraft:iron_ingot":2,"minecraft:mossy_stone_bricks":2,"minecraft:glowstone_dust":4,"minecraft:acacia_sapling":3,"minecraft:stick":7,"spartanweaponry:rapier_stone":1,"minecraft:acacia_log":6,"minecraft:sand":3,"minecraft:spider_eye":3,"minecraft:arrow":24,"minecraft:rotten_flesh":29,"minecraft:cyan_terracotta":6,"minecraft:oak_sapling":1,"minecraft:iron_bars":2,"minecraft:cobblestone":3}},"DataVersion":2586}