{"stats":{"minecraft:killed_by":{"minecraft:player":2},"minecraft:mined":{"minecraft:oak_log":5,"minecraft:stone":28,"minecraft:oak_leaves":3},"minecraft:picked_up":{"minecraft:stick":6,"minecraft:stone_axe":1,"minecraft:wooden_pickaxe":5,"minecraft:stone_pickaxe":1,"minecraft:oak_log":5,"minecraft:oak_sapling":3,"minecraft:oak_planks":21,"minecraft:cobblestone":80},"minecraft:crafted":{"minecraft:oak_planks":20,"minecraft:stone_pickaxe":1},"minecraft:custom":{"minecraft:time_since_rest":4430,"minecraft:crouch_one_cm":12,"minecraft:play_one_minute":6838,"minecraft:damage_taken":723,"minecraft:walk_one_cm":23753,"minecraft:sprint_one_cm":11190,"minecraft:deaths":2,"minecraft:sneak_time":9,"minecraft:walk_under_water_one_cm":105,"minecraft:drop":10,"minecraft:jump":85,"minecraft:damage_dealt":240,"minecraft:leave_game":1,"minecraft:time_since_death":4398,"minecraft:walk_on_water_one_cm":5520,"minecraft:swim_one_cm":1885,"minecraft:interact_with_crafting_table":1,"minecraft:fall_one_cm":836,"minecraft:fly_one_cm":6508,"minecraft:player_kills":1},"minecraft:dropped":{"minecraft:cobblestone":44,"minecraft:oak_planks":21,"minecraft:stone_axe":1,"minecraft:wooden_pickaxe":4,"minecraft:stone_pickaxe":1,"minecraft:stick":2},"minecraft:used":{"minecraft:oak_sapling":2,"minecraft:stone_pickaxe":28,"minecraft:wooden_pickaxe":15}},"DataVersion":2586}