{"stats":{"minecraft:killed_by":{"minecraft:zombie":1},"minecraft:mined":{"minecraft:light_blue_stained_glass":4,"minecraft:glowstone":1,"minecraft:birch_log":2,"minecraft:jungle_leaves":3,"minecraft:blue_stained_glass":4,"minecraft:crafting_table":2,"minecraft:oak_log":6,"minecraft:gray_stained_glass":6,"minecraft:iron_bars":1,"minecraft:white_stained_glass":8,"minecraft:sand":3,"minecraft:spruce_leaves":2,"minecraft:stone_bricks":12,"minecraft:stone":3,"minecraft:mossy_stone_bricks":1,"minecraft:oak_leaves":5,"minecraft:spawner":6},"minecraft:killed":{"minecraft:skeleton":2,"minecraft:husk":1,"minecraft:zombie":19,"minecraft:spider":3,"minecraft:creeper":2},"minecraft:dropped":{"minecraft:wooden_pickaxe":1},"minecraft:used":{"minecraft:mossy_stone_bricks":2,"minecraft:apple":3,"minecraft:birch_planks":3,"minecraft:stone_pickaxe":21,"spartanweaponry:rapier_stone":87,"minecraft:ladder":2,"minecraft:oak_planks":4,"minecraft:shield":48,"minecraft:wooden_pickaxe":3,"minecraft:rotten_flesh":17,"minecraft:sand":3,"minecraft:crafting_table":2},"minecraft:custom":{"minecraft:time_since_rest":902,"minecraft:interact_with_furnace":4,"minecraft:sprint_one_cm":103569,"minecraft:damage_taken":603,"minecraft:walk_one_cm":74656,"minecraft:damage_blocked_by_shield":615,"minecraft:mob_kills":28,"minecraft:drop":1,"minecraft:damage_dealt":5108,"minecraft:interact_with_crafting_table":3,"minecraft:fly_one_cm":46837,"minecraft:open_chest":6,"minecraft:play_one_minute":24447,"minecraft:crouch_one_cm":3260,"minecraft:deaths":1,"minecraft:sneak_time":1167,"minecraft:jump":309,"minecraft:leave_game":1,"minecraft:time_since_death":873,"minecraft:climb_one_cm":18184,"minecraft:fall_one_cm":8279},"minecraft:crafted":{"minecraft:oak_planks":24,"minecraft:shield":1,"minecraft:stick":4,"minecraft:wooden_pickaxe":1,"minecraft:stone_pickaxe":1,"minecraft:birch_planks":8},"minecraft:picked_up":{"minecraft:birch_log":2,"minecraft:crafting_table":2,"minecraft:ladder":2,"spartanweaponry:rapier_stone":1,"minecraft:sand":3,"minecraft:oak_log":6,"minecraft:gunpowder":4,"minecraft:spider_eye":3,"minecraft:string":5,"minecraft:leather_boots":1,"minecraft:bone":8,"minecraft:arrow":6,"minecraft:rotten_flesh":24,"minecraft:apple":3,"minecraft:stone_bricks":13,"minecraft:bow":1,"minecraft:iron_ingot":2,"minecraft:mossy_stone_bricks":2,"minecraft:glowstone_dust":4,"minecraft:oak_sapling":1,"minecraft:iron_bars":1,"minecraft:cobblestone":3}},"DataVersion":2586}