{"stats":{"minecraft:killed_by":{"minecraft:player":2,"minecraft:skeleton":1},"minecraft:mined":{"minecraft:oak_sapling":1,"minecraft:white_bed":3,"minecraft:crafting_table":5,"minecraft:torch":2,"minecraft:grass_block":1,"minecraft:cobblestone":4,"minecraft:wall_torch":2,"tac:workbench":1,"minecraft:furnace":3,"minecraft:iron_ore":64,"minecraft:sweet_berry_bush":1,"minecraft:andesite":3,"minecraft:pumpkin":4,"minecraft:coal_ore":90,"minecraft:oak_log":17,"minecraft:dirt":1,"minecraft:stone":102,"minecraft:oak_leaves":3},"minecraft:picked_up":{"minecraft:crafting_table":5,"tac:glock_17":1,"minecraft:andesite":9,"minecraft:leather":10,"betteranimalsplus:wolf_pelt_timber":1,"minecraft:wooden_pickaxe":5,"minecraft:oak_log":17,"minecraft:dirt":16,"minecraft:bone":19,"minecraft:beef":13,"minecraft:iron_ingot":1,"minecraft:stone_pickaxe":2,"minecraft:iron_ore":64,"minecraft:oak_planks":21,"minecraft:egg":1,"minecraft:furnace":3,"minecraft:stick":6,"minecraft:pumpkin":4,"minecraft:sweet_berries":2,"minecraft:torch":4,"minecraft:ink_sac":5,"minecraft:white_bed":3,"betteranimalsplus:eel_meat_raw":7,"minecraft:arrow":7,"minecraft:rotten_flesh":11,"minecraft:stone_axe":1,"minecraft:granite":4,"tac:workbench":1,"minecraft:oak_sapling":5,"minecraft:black_wool":1,"minecraft:mutton":10,"minecraft:coal":176,"minecraft:white_wool":3,"minecraft:cobblestone":181},"minecraft:crafted":{"minecraft:cooked_beef":13,"minecraft:oak_planks":20,"minecraft:crafting_table":2,"minecraft:furnace":1,"minecraft:stone_axe":2,"minecraft:cooked_mutton":10,"minecraft:air":0,"minecraft:stick":12,"minecraft:iron_ingot":35,"minecraft:stone_pickaxe":3,"minecraft:iron_block":1,"minecraft:stone_sword":1,"betteranimalsplus:eel_meat_cooked":7,"minecraft:white_bed":1,"minecraft:torch":4,"tac:workbench":1},"minecraft:custom":{"minecraft:interact_with_furnace":22,"minecraft:mob_kills":41,"minecraft:interact_with_crafting_table":13,"minecraft:play_one_minute":66838,"minecraft:leave_game":1,"minecraft:time_since_death":8241,"minecraft:sleep_in_bed":2,"minecraft:time_since_rest":8273,"minecraft:sprint_one_cm":172920,"minecraft:damage_taken":2356,"minecraft:walk_one_cm":145701,"minecraft:drop":20,"minecraft:damage_dealt":6214,"minecraft:swim_one_cm":12798,"minecraft:fly_one_cm":193654,"minecraft:player_kills":1,"minecraft:crouch_one_cm":11274,"minecraft:deaths":3,"minecraft:sneak_time":3848,"minecraft:walk_under_water_one_cm":11203,"minecraft:jump":1312,"minecraft:walk_on_water_one_cm":19603,"minecraft:fall_one_cm":27134},"minecraft:killed":{"betteranimalsplus:lamprey":2,"betteranimalsplus:lammergeier":1,"minecraft:creeper":2,"minecraft:squid":1,"betteranimalsplus:feralwolf":2,"betteranimalsplus:eel_freshwater":3,"minecraft:sheep":4,"minecraft:skeleton":8,"minecraft:zombie":10,"minecraft:cow":7,"betteranimalsplus:goat":1},"minecraft:dropped":{"minecraft:stone_axe":1,"minecraft:cobblestone":53,"minecraft:oak_planks":21,"minecraft:stick":2,"minecraft:wooden_pickaxe":4,"minecraft:stone_pickaxe":2},"minecraft:used":{"minecraft:cooked_mutton":10,"tac:workbench":1,"minecraft:stone_sword":13,"minecraft:stone_pickaxe":272,"minecraft:wooden_pickaxe":15,"minecraft:rotten_flesh":11,"minecraft:torch":4,"minecraft:dirt":2,"minecraft:crafting_table":6,"minecraft:white_bed":4,"minecraft:granite":4,"betteranimalsplus:eel_meat_cooked":7,"minecraft:stone_axe":84,"minecraft:cobblestone":48,"minecraft:sweet_berries":5,"minecraft:oak_sapling":4,"minecraft:furnace":3,"minecraft:andesite":6,"minecraft:cooked_beef":2,"minecraft:pumpkin":1},"minecraft:broken":{"minecraft:stone_pickaxe":2,"minecraft:stone_axe":1}},"DataVersion":2586}