{"stats":{"minecraft:killed_by":{"minecraft:player":2,"minecraft:skeleton":1},"minecraft:mined":{"minecraft:diamond_ore":10,"minecraft:oak_sapling":1,"minecraft:white_bed":3,"minecraft:crafting_table":7,"minecraft:torch":3,"minecraft:granite":1,"minecraft:grass_block":1,"minecraft:cobblestone":8,"minecraft:lapis_ore":4,"minecraft:wall_torch":3,"tac:workbench":2,"minecraft:redstone_ore":16,"minecraft:furnace":4,"minecraft:iron_ore":191,"minecraft:sweet_berry_bush":1,"minecraft:andesite":4,"minecraft:pumpkin":4,"minecraft:coal_ore":90,"minecraft:oak_log":17,"minecraft:dirt":1,"minecraft:stone":147,"minecraft:gold_ore":11,"minecraft:oak_leaves":3},"minecraft:picked_up":{"minecraft:crafting_table":7,"tac:glock_18":1,"tac:glock_17":1,"minecraft:andesite":10,"minecraft:leather":10,"betteranimalsplus:wolf_pelt_timber":1,"minecraft:wooden_pickaxe":5,"minecraft:oak_log":17,"minecraft:gunpowder":7,"minecraft:lapis_lazuli":17,"minecraft:dirt":19,"minecraft:bone":23,"minecraft:bow":1,"minecraft:beef":13,"minecraft:iron_ingot":1,"minecraft:stone_pickaxe":2,"minecraft:iron_ore":191,"tac:9mm_round":180,"minecraft:oak_planks":21,"minecraft:egg":1,"minecraft:furnace":4,"minecraft:stick":6,"minecraft:pumpkin":4,"minecraft:sweet_berries":2,"minecraft:torch":6,"minecraft:ink_sac":5,"minecraft:white_bed":3,"minecraft:gold_ore":11,"minecraft:redstone":73,"betteranimalsplus:eel_meat_raw":7,"minecraft:arrow":13,"minecraft:rotten_flesh":26,"minecraft:diamond":10,"minecraft:stone_axe":1,"minecraft:granite":5,"tac:workbench":2,"minecraft:oak_sapling":5,"minecraft:black_wool":1,"minecraft:mutton":10,"minecraft:coal":232,"minecraft:white_wool":3,"minecraft:cobblestone":235},"minecraft:crafted":{"minecraft:cooked_beef":13,"minecraft:oak_planks":20,"minecraft:crafting_table":3,"minecraft:furnace":1,"minecraft:stone_axe":2,"minecraft:cooked_mutton":10,"minecraft:air":0,"minecraft:stick":12,"minecraft:iron_ingot":127,"minecraft:iron_pickaxe":1,"minecraft:stone_pickaxe":3,"minecraft:iron_block":1,"minecraft:stone_sword":1,"betteranimalsplus:eel_meat_cooked":7,"minecraft:white_bed":1,"minecraft:torch":4,"tac:workbench":1},"minecraft:custom":{"minecraft:interact_with_furnace":38,"minecraft:mob_kills":74,"minecraft:interact_with_crafting_table":16,"minecraft:play_one_minute":126998,"minecraft:leave_game":2,"minecraft:time_since_death":68401,"minecraft:sleep_in_bed":2,"minecraft:time_since_rest":68433,"minecraft:sprint_one_cm":278439,"minecraft:damage_taken":3636,"minecraft:walk_one_cm":236683,"minecraft:drop":20,"minecraft:damage_dealt":12184,"minecraft:swim_one_cm":12798,"minecraft:fly_one_cm":238729,"minecraft:player_kills":1,"minecraft:crouch_one_cm":22697,"minecraft:deaths":3,"minecraft:sneak_time":7680,"minecraft:walk_under_water_one_cm":12620,"minecraft:jump":1854,"minecraft:walk_on_water_one_cm":58337,"minecraft:fall_one_cm":32369},"minecraft:killed":{"betteranimalsplus:lamprey":2,"betteranimalsplus:lammergeier":1,"minecraft:bat":1,"minecraft:creeper":10,"minecraft:squid":1,"betteranimalsplus:feralwolf":2,"betteranimalsplus:eel_freshwater":3,"minecraft:sheep":4,"minecraft:skeleton":12,"minecraft:zombie":28,"minecraft:cow":7,"betteranimalsplus:goat":1},"minecraft:dropped":{"minecraft:stone_axe":1,"minecraft:cobblestone":53,"minecraft:oak_planks":21,"minecraft:stick":2,"minecraft:wooden_pickaxe":4,"minecraft:stone_pickaxe":2},"minecraft:used":{"minecraft:cooked_mutton":10,"tac:workbench":2,"minecraft:stone_sword":68,"minecraft:stone_pickaxe":389,"minecraft:wooden_pickaxe":15,"minecraft:rotten_flesh":24,"minecraft:torch":10,"minecraft:dirt":19,"minecraft:crafting_table":8,"minecraft:white_bed":4,"minecraft:granite":5,"betteranimalsplus:eel_meat_cooked":7,"minecraft:iron_pickaxe":108,"minecraft:stone_axe":130,"minecraft:cobblestone":57,"minecraft:sweet_berries":5,"minecraft:oak_sapling":4,"minecraft:furnace":4,"minecraft:andesite":10,"minecraft:egg":1,"minecraft:cooked_beef":13,"minecraft:pumpkin":1},"minecraft:broken":{"minecraft:stone_pickaxe":3,"minecraft:stone_axe":1}},"DataVersion":2586}