{"stats":{"minecraft:dropped":{"minecraft:wooden_pickaxe":1},"minecraft:used":{"minecraft:mossy_stone_bricks":6,"minecraft:iron_bars":5,"minecraft:stone_sword":142,"minecraft:birch_planks":3,"minecraft:stone_pickaxe":126,"minecraft:oak_planks":4,"minecraft:ladder":4,"minecraft:wooden_pickaxe":3,"minecraft:shield":145,"spartanweaponry:boomerang_wood":3,"minecraft:rotten_flesh":64,"minecraft:sand":3,"minecraft:crafting_table":4,"minecraft:light_gray_terracotta":2,"minecraft:white_bed":1,"minecraft:acacia_sapling":3,"minecraft:cyan_terracotta":7,"minecraft:apple":3,"spartanweaponry:rapier_stone":128,"minecraft:stone_bricks":39,"minecraft:bow":2,"minecraft:andesite":6},"minecraft:broken":{"minecraft:stone_sword":1,"minecraft:leather_boots":1,"spartanweaponry:rapier_stone":1},"minecraft:killed":{"minecraft:husk":1,"minecraft:zombie_villager":1,"minecraft:spider":14,"betteranimalsplus:pheasant":1,"betteranimalsplus:butterfly":1,"minecraft:creeper":2,"minecraft:skeleton":11,"minecraft:zombie":46},"minecraft:mined":{"minecraft:cyan_terracotta":1,"minecraft:infested_stone_bricks":2,"minecraft:jungle_leaves":4,"minecraft:blue_stained_glass":4,"minecraft:gray_stained_glass_pane":2,"minecraft:crafting_table":3,"minecraft:light_gray_terracotta":2,"minecraft:ladder":2,"minecraft:gray_stained_glass":6,"minecraft:white_stained_glass":8,"minecraft:glass":1,"minecraft:spruce_leaves":3,"minecraft:spawner":20,"minecraft:light_blue_stained_glass":5,"minecraft:glowstone":1,"minecraft:furnace":1,"minecraft:birch_log":2,"minecraft:iron_ore":8,"minecraft:andesite":6,"minecraft:anvil":1,"minecraft:oak_log":6,"minecraft:iron_bars":5,"minecraft:sand":3,"minecraft:cobweb":1,"minecraft:cracked_stone_bricks":1,"minecraft:stone_bricks":45,"minecraft:stone":24,"minecraft:mossy_stone_bricks":6,"minecraft:oak_leaves":10},"minecraft:crafted":{"minecraft:oak_planks":24,"minecraft:crafting_table":2,"minecraft:wooden_pickaxe":1,"minecraft:birch_planks":8,"minecraft:white_wool":3,"minecraft:shield":1,"minecraft:stick":8,"minecraft:stone_pickaxe":2,"minecraft:stone_sword":3,"minecraft:white_bed":1},"minecraft:killed_by":{"minecraft:skeleton":2,"minecraft:spider":1,"minecraft:zombie":2},"minecraft:custom":{"minecraft:interact_with_furnace":5,"minecraft:mob_kills":80,"minecraft:interact_with_anvil":1,"minecraft:interact_with_crafting_table":9,"minecraft:play_one_minute":75437,"minecraft:leave_game":3,"minecraft:time_since_death":12883,"minecraft:sleep_in_bed":1,"minecraft:climb_one_cm":67193,"minecraft:time_since_rest":11366,"minecraft:sprint_one_cm":303327,"minecraft:damage_taken":2476,"minecraft:walk_one_cm":203934,"minecraft:damage_blocked_by_shield":2770,"minecraft:drop":1,"minecraft:damage_dealt":13323,"minecraft:swim_one_cm":5972,"minecraft:fly_one_cm":178031,"minecraft:open_chest":22,"minecraft:crouch_one_cm":7394,"minecraft:deaths":5,"minecraft:sneak_time":2808,"minecraft:walk_under_water_one_cm":2637,"minecraft:jump":1102,"minecraft:walk_on_water_one_cm":1953,"minecraft:fall_one_cm":34243},"minecraft:picked_up":{"minecraft:birch_log":2,"minecraft:crafting_table":3,"minecraft:feather":2,"minecraft:ladder":4,"minecraft:anvil":1,"minecraft:andesite":6,"minecraft:potato":1,"minecraft:oak_log":6,"minecraft:gunpowder":5,"minecraft:string":16,"betteranimalsplus:pheasant_egg":1,"minecraft:leather_boots":1,"minecraft:bone":48,"minecraft:apple":3,"minecraft:stone_bricks":43,"minecraft:bow":1,"minecraft:iron_ingot":2,"minecraft:iron_ore":8,"minecraft:mossy_stone_bricks":6,"minecraft:glowstone_dust":4,"minecraft:acacia_sapling":3,"minecraft:furnace":1,"minecraft:stick":7,"spartanweaponry:rapier_stone":1,"minecraft:acacia_log":6,"betteranimalsplus:pheasantraw":3,"minecraft:sand":3,"minecraft:spider_eye":5,"minecraft:light_gray_terracotta":2,"minecraft:arrow":41,"minecraft:rotten_flesh":55,"minecraft:cyan_terracotta":7,"minecraft:oak_sapling":1,"minecraft:iron_bars":6,"minecraft:cobblestone":23}},"DataVersion":2586}