{"stats":{"minecraft:killed_by":{"minecraft:player":2},"minecraft:mined":{"minecraft:oak_sapling":1,"minecraft:white_bed":1,"minecraft:crafting_table":4,"minecraft:grass_block":1,"minecraft:cobblestone":4,"minecraft:wall_torch":2,"tac:workbench":1,"minecraft:furnace":3,"minecraft:iron_ore":35,"minecraft:sweet_berry_bush":1,"minecraft:andesite":3,"minecraft:pumpkin":4,"minecraft:coal_ore":90,"minecraft:oak_log":17,"minecraft:dirt":1,"minecraft:stone":94,"minecraft:oak_leaves":3},"minecraft:picked_up":{"minecraft:crafting_table":4,"tac:glock_17":1,"minecraft:andesite":6,"minecraft:leather":10,"betteranimalsplus:wolf_pelt_timber":1,"minecraft:wooden_pickaxe":5,"minecraft:oak_log":17,"minecraft:dirt":2,"minecraft:bone":10,"minecraft:beef":13,"minecraft:iron_ingot":1,"minecraft:stone_pickaxe":2,"minecraft:iron_ore":35,"minecraft:oak_planks":21,"minecraft:furnace":3,"minecraft:stick":6,"minecraft:pumpkin":4,"minecraft:sweet_berries":2,"minecraft:torch":2,"minecraft:ink_sac":5,"minecraft:white_bed":1,"betteranimalsplus:eel_meat_raw":7,"minecraft:arrow":3,"minecraft:rotten_flesh":11,"minecraft:stone_axe":1,"minecraft:granite":4,"tac:workbench":1,"minecraft:oak_sapling":5,"minecraft:black_wool":1,"minecraft:mutton":10,"minecraft:coal":173,"minecraft:white_wool":3,"minecraft:cobblestone":160},"minecraft:crafted":{"minecraft:cooked_beef":13,"minecraft:oak_planks":20,"minecraft:crafting_table":2,"minecraft:furnace":1,"minecraft:stone_axe":1,"minecraft:cooked_mutton":10,"minecraft:air":0,"minecraft:stick":4,"minecraft:iron_ingot":35,"minecraft:stone_pickaxe":2,"minecraft:iron_block":1,"minecraft:stone_sword":1,"betteranimalsplus:eel_meat_cooked":7,"minecraft:white_bed":1,"minecraft:torch":4,"tac:workbench":1},"minecraft:custom":{"minecraft:interact_with_furnace":22,"minecraft:mob_kills":35,"minecraft:interact_with_crafting_table":11,"minecraft:play_one_minute":54838,"minecraft:leave_game":1,"minecraft:time_since_death":52398,"minecraft:sleep_in_bed":2,"minecraft:time_since_rest":0,"minecraft:sprint_one_cm":138114,"minecraft:damage_taken":1881,"minecraft:walk_one_cm":118504,"minecraft:drop":20,"minecraft:damage_dealt":5013,"minecraft:swim_one_cm":12798,"minecraft:fly_one_cm":145058,"minecraft:player_kills":1,"minecraft:crouch_one_cm":6566,"minecraft:deaths":2,"minecraft:sneak_time":2438,"minecraft:walk_under_water_one_cm":10693,"minecraft:jump":1019,"minecraft:walk_on_water_one_cm":14598,"minecraft:fall_one_cm":18772},"minecraft:killed":{"betteranimalsplus:lamprey":2,"betteranimalsplus:lammergeier":1,"minecraft:creeper":1,"minecraft:squid":1,"betteranimalsplus:feralwolf":2,"betteranimalsplus:eel_freshwater":3,"minecraft:sheep":4,"minecraft:skeleton":4,"minecraft:zombie":9,"minecraft:cow":7,"betteranimalsplus:goat":1},"minecraft:dropped":{"minecraft:stone_axe":1,"minecraft:cobblestone":53,"minecraft:oak_planks":21,"minecraft:stick":2,"minecraft:wooden_pickaxe":4,"minecraft:stone_pickaxe":2},"minecraft:used":{"minecraft:cooked_mutton":9,"tac:workbench":1,"minecraft:stone_pickaxe":234,"minecraft:wooden_pickaxe":15,"minecraft:rotten_flesh":4,"minecraft:torch":2,"minecraft:dirt":2,"minecraft:crafting_table":5,"minecraft:white_bed":2,"minecraft:granite":4,"betteranimalsplus:eel_meat_cooked":7,"minecraft:stone_axe":76,"minecraft:cobblestone":41,"minecraft:sweet_berries":5,"minecraft:oak_sapling":4,"minecraft:furnace":3,"minecraft:andesite":3,"minecraft:pumpkin":1},"minecraft:broken":{"minecraft:stone_pickaxe":1,"minecraft:stone_axe":1}},"DataVersion":2586}