{"stats":{"minecraft:dropped":{"minecraft:wooden_pickaxe":1},"minecraft:used":{"minecraft:mossy_stone_bricks":6,"minecraft:stone_sword":121,"minecraft:iron_bars":5,"minecraft:birch_planks":3,"minecraft:stone_pickaxe":110,"minecraft:oak_planks":4,"minecraft:ladder":4,"minecraft:wooden_pickaxe":3,"minecraft:shield":143,"spartanweaponry:boomerang_wood":3,"minecraft:rotten_flesh":53,"minecraft:sand":3,"minecraft:crafting_table":3,"minecraft:white_bed":1,"minecraft:acacia_sapling":3,"minecraft:cyan_terracotta":7,"minecraft:apple":3,"spartanweaponry:rapier_stone":128,"minecraft:stone_bricks":38,"minecraft:bow":2,"minecraft:andesite":6},"minecraft:broken":{"minecraft:leather_boots":1,"spartanweaponry:rapier_stone":1},"minecraft:killed":{"minecraft:husk":1,"minecraft:zombie_villager":1,"minecraft:spider":12,"betteranimalsplus:butterfly":1,"minecraft:creeper":2,"minecraft:skeleton":10,"minecraft:zombie":46},"minecraft:mined":{"minecraft:cyan_terracotta":1,"minecraft:jungle_leaves":3,"minecraft:blue_stained_glass":4,"minecraft:crafting_table":3,"minecraft:ladder":2,"minecraft:gray_stained_glass":6,"minecraft:white_stained_glass":8,"minecraft:spruce_leaves":3,"minecraft:spawner":17,"minecraft:light_blue_stained_glass":5,"minecraft:glowstone":1,"minecraft:furnace":1,"minecraft:iron_ore":8,"minecraft:birch_log":2,"minecraft:andesite":6,"minecraft:anvil":1,"minecraft:oak_log":6,"minecraft:iron_bars":5,"minecraft:sand":3,"minecraft:cobweb":1,"minecraft:cracked_stone_bricks":1,"minecraft:stone":24,"minecraft:stone_bricks":41,"minecraft:mossy_stone_bricks":5,"minecraft:oak_leaves":8},"minecraft:crafted":{"minecraft:oak_planks":24,"minecraft:crafting_table":1,"minecraft:wooden_pickaxe":1,"minecraft:birch_planks":8,"minecraft:white_wool":3,"minecraft:shield":1,"minecraft:stick":4,"minecraft:stone_pickaxe":1,"minecraft:stone_sword":1,"minecraft:white_bed":1},"minecraft:killed_by":{"minecraft:skeleton":2,"minecraft:spider":1,"minecraft:zombie":2},"minecraft:custom":{"minecraft:interact_with_furnace":5,"minecraft:interact_with_anvil":1,"minecraft:mob_kills":76,"minecraft:interact_with_crafting_table":7,"minecraft:play_one_minute":66836,"minecraft:leave_game":3,"minecraft:time_since_death":4282,"minecraft:sleep_in_bed":1,"minecraft:climb_one_cm":54589,"minecraft:time_since_rest":2765,"minecraft:sprint_one_cm":263836,"minecraft:damage_taken":2228,"minecraft:walk_one_cm":181314,"minecraft:damage_blocked_by_shield":2715,"minecraft:drop":1,"minecraft:damage_dealt":12496,"minecraft:swim_one_cm":5972,"minecraft:fly_one_cm":170250,"minecraft:open_chest":20,"minecraft:crouch_one_cm":6509,"minecraft:deaths":5,"minecraft:sneak_time":2473,"minecraft:walk_under_water_one_cm":2637,"minecraft:jump":993,"minecraft:walk_on_water_one_cm":1953,"minecraft:fall_one_cm":31580},"minecraft:picked_up":{"minecraft:birch_log":2,"minecraft:crafting_table":3,"minecraft:anvil":1,"minecraft:ladder":4,"minecraft:andesite":6,"minecraft:potato":1,"minecraft:oak_log":6,"minecraft:gunpowder":5,"minecraft:string":16,"minecraft:leather_boots":1,"minecraft:bone":46,"minecraft:apple":3,"minecraft:stone_bricks":39,"minecraft:bow":1,"minecraft:iron_ingot":2,"minecraft:iron_ore":8,"minecraft:mossy_stone_bricks":6,"minecraft:glowstone_dust":4,"minecraft:acacia_sapling":3,"minecraft:furnace":1,"minecraft:stick":7,"spartanweaponry:rapier_stone":1,"minecraft:acacia_log":6,"minecraft:sand":3,"minecraft:spider_eye":5,"minecraft:arrow":41,"minecraft:rotten_flesh":55,"minecraft:cyan_terracotta":7,"minecraft:oak_sapling":1,"minecraft:iron_bars":6,"minecraft:cobblestone":23}},"DataVersion":2586}