{"stats":{"minecraft:killed_by":{"minecraft:player":2,"minecraft:skeleton":1},"minecraft:mined":{"minecraft:diamond_ore":7,"minecraft:oak_sapling":1,"minecraft:white_bed":3,"minecraft:crafting_table":6,"minecraft:torch":3,"minecraft:granite":1,"minecraft:grass_block":1,"minecraft:cobblestone":4,"minecraft:lapis_ore":4,"minecraft:wall_torch":3,"tac:workbench":1,"minecraft:redstone_ore":8,"minecraft:furnace":3,"minecraft:iron_ore":179,"minecraft:sweet_berry_bush":1,"minecraft:andesite":4,"minecraft:pumpkin":4,"minecraft:coal_ore":90,"minecraft:oak_log":17,"minecraft:dirt":1,"minecraft:stone":140,"minecraft:gold_ore":4,"minecraft:oak_leaves":3},"minecraft:picked_up":{"minecraft:crafting_table":6,"tac:glock_17":1,"minecraft:andesite":10,"minecraft:leather":10,"betteranimalsplus:wolf_pelt_timber":1,"minecraft:wooden_pickaxe":5,"minecraft:oak_log":17,"minecraft:gunpowder":3,"minecraft:lapis_lazuli":17,"minecraft:dirt":19,"minecraft:bone":23,"minecraft:bow":1,"minecraft:beef":13,"minecraft:iron_ingot":1,"minecraft:stone_pickaxe":2,"minecraft:iron_ore":179,"minecraft:oak_planks":21,"minecraft:egg":1,"minecraft:furnace":3,"minecraft:stick":6,"minecraft:pumpkin":4,"minecraft:sweet_berries":2,"minecraft:torch":6,"minecraft:ink_sac":5,"minecraft:white_bed":3,"minecraft:gold_ore":4,"minecraft:redstone":37,"betteranimalsplus:eel_meat_raw":7,"minecraft:arrow":11,"minecraft:rotten_flesh":23,"minecraft:diamond":7,"minecraft:stone_axe":1,"minecraft:granite":4,"tac:workbench":1,"minecraft:oak_sapling":5,"minecraft:black_wool":1,"minecraft:mutton":10,"minecraft:coal":176,"minecraft:white_wool":3,"minecraft:cobblestone":221},"minecraft:crafted":{"minecraft:cooked_beef":13,"minecraft:oak_planks":20,"minecraft:crafting_table":3,"minecraft:furnace":1,"minecraft:stone_axe":2,"minecraft:cooked_mutton":10,"minecraft:air":0,"minecraft:stick":12,"minecraft:iron_ingot":35,"minecraft:iron_pickaxe":1,"minecraft:stone_pickaxe":3,"minecraft:iron_block":1,"minecraft:stone_sword":1,"betteranimalsplus:eel_meat_cooked":7,"minecraft:white_bed":1,"minecraft:torch":4,"tac:workbench":1},"minecraft:custom":{"minecraft:interact_with_furnace":22,"minecraft:mob_kills":63,"minecraft:interact_with_crafting_table":15,"minecraft:play_one_minute":90838,"minecraft:leave_game":1,"minecraft:time_since_death":32241,"minecraft:sleep_in_bed":2,"minecraft:time_since_rest":32273,"minecraft:sprint_one_cm":261327,"minecraft:damage_taken":3186,"minecraft:walk_one_cm":214893,"minecraft:drop":20,"minecraft:damage_dealt":10289,"minecraft:swim_one_cm":12798,"minecraft:fly_one_cm":226979,"minecraft:player_kills":1,"minecraft:crouch_one_cm":19611,"minecraft:deaths":3,"minecraft:sneak_time":6706,"minecraft:walk_under_water_one_cm":11264,"minecraft:jump":1698,"minecraft:walk_on_water_one_cm":32995,"minecraft:fall_one_cm":30068},"minecraft:killed":{"betteranimalsplus:lamprey":2,"betteranimalsplus:lammergeier":1,"minecraft:bat":1,"minecraft:creeper":7,"minecraft:squid":1,"betteranimalsplus:feralwolf":2,"betteranimalsplus:eel_freshwater":3,"minecraft:sheep":4,"minecraft:skeleton":11,"minecraft:zombie":23,"minecraft:cow":7,"betteranimalsplus:goat":1},"minecraft:dropped":{"minecraft:stone_axe":1,"minecraft:cobblestone":53,"minecraft:oak_planks":21,"minecraft:stick":2,"minecraft:wooden_pickaxe":4,"minecraft:stone_pickaxe":2},"minecraft:used":{"minecraft:cooked_mutton":10,"tac:workbench":1,"minecraft:stone_sword":38,"minecraft:stone_pickaxe":389,"minecraft:wooden_pickaxe":15,"minecraft:rotten_flesh":13,"minecraft:torch":10,"minecraft:dirt":19,"minecraft:crafting_table":8,"minecraft:white_bed":4,"minecraft:granite":4,"betteranimalsplus:eel_meat_cooked":7,"minecraft:iron_pickaxe":65,"minecraft:stone_axe":121,"minecraft:cobblestone":48,"minecraft:sweet_berries":5,"minecraft:oak_sapling":4,"minecraft:furnace":3,"minecraft:andesite":10,"minecraft:cooked_beef":12,"minecraft:pumpkin":1},"minecraft:broken":{"minecraft:stone_pickaxe":3,"minecraft:stone_axe":1}},"DataVersion":2586}