{"stats":{"minecraft:mined":{"minecraft:crafting_table":1,"minecraft:grass_block":1,"minecraft:cobblestone":1,"minecraft:furnace":2,"minecraft:iron_ore":25,"minecraft:sweet_berry_bush":1,"minecraft:andesite":3,"minecraft:pumpkin":3,"minecraft:coal_ore":67,"minecraft:oak_log":5,"minecraft:dirt":1,"minecraft:stone":69,"minecraft:oak_leaves":3},"minecraft:killed_by":{"minecraft:player":2},"minecraft:picked_up":{"minecraft:crafting_table":1,"minecraft:andesite":3,"minecraft:leather":7,"minecraft:wooden_pickaxe":5,"minecraft:oak_log":5,"minecraft:dirt":2,"minecraft:bone":10,"minecraft:beef":13,"minecraft:iron_ingot":1,"minecraft:stone_pickaxe":2,"minecraft:iron_ore":25,"minecraft:oak_planks":21,"minecraft:furnace":2,"minecraft:stick":6,"minecraft:pumpkin":3,"minecraft:sweet_berries":2,"minecraft:ink_sac":5,"betteranimalsplus:eel_meat_raw":7,"minecraft:arrow":3,"minecraft:rotten_flesh":4,"minecraft:stone_axe":1,"minecraft:granite":1,"minecraft:oak_sapling":3,"minecraft:coal":134,"minecraft:cobblestone":129},"minecraft:crafted":{"minecraft:oak_planks":20,"minecraft:crafting_table":1,"minecraft:furnace":1,"minecraft:stone_axe":1,"minecraft:air":0,"minecraft:stick":4,"minecraft:stone_pickaxe":2,"betteranimalsplus:eel_meat_cooked":7,"minecraft:torch":4},"minecraft:custom":{"minecraft:interact_with_furnace":7,"minecraft:mob_kills":21,"minecraft:interact_with_crafting_table":4,"minecraft:play_one_minute":30838,"minecraft:leave_game":1,"minecraft:time_since_death":28398,"minecraft:time_since_rest":28430,"minecraft:sprint_one_cm":76498,"minecraft:damage_taken":1188,"minecraft:walk_one_cm":83359,"minecraft:drop":20,"minecraft:damage_dealt":2902,"minecraft:swim_one_cm":12798,"minecraft:fly_one_cm":59399,"minecraft:player_kills":1,"minecraft:crouch_one_cm":3589,"minecraft:deaths":2,"minecraft:sneak_time":1384,"minecraft:walk_under_water_one_cm":10693,"minecraft:jump":539,"minecraft:walk_on_water_one_cm":12138,"minecraft:fall_one_cm":7118},"minecraft:killed":{"betteranimalsplus:lamprey":2,"betteranimalsplus:lammergeier":1,"minecraft:creeper":1,"minecraft:squid":1,"betteranimalsplus:eel_freshwater":3,"minecraft:skeleton":3,"minecraft:zombie":3,"minecraft:cow":7},"minecraft:dropped":{"minecraft:stone_axe":1,"minecraft:cobblestone":53,"minecraft:oak_planks":21,"minecraft:stick":2,"minecraft:wooden_pickaxe":4,"minecraft:stone_pickaxe":2},"minecraft:used":{"minecraft:stone_pickaxe":171,"minecraft:wooden_pickaxe":15,"minecraft:rotten_flesh":1,"minecraft:dirt":2,"minecraft:crafting_table":2,"betteranimalsplus:eel_meat_cooked":7,"minecraft:stone_axe":35,"minecraft:cobblestone":8,"minecraft:sweet_berries":5,"minecraft:oak_sapling":3,"minecraft:furnace":2,"minecraft:andesite":3},"minecraft:broken":{"minecraft:stone_pickaxe":1}},"DataVersion":2586}