{"stats":{"minecraft:dropped":{"minecraft:wooden_pickaxe":1},"minecraft:used":{"minecraft:mossy_stone_bricks":5,"minecraft:stone_sword":76,"minecraft:iron_bars":1,"minecraft:birch_planks":3,"minecraft:stone_pickaxe":82,"minecraft:oak_planks":4,"minecraft:ladder":2,"minecraft:wooden_pickaxe":3,"minecraft:shield":95,"spartanweaponry:boomerang_wood":3,"minecraft:rotten_flesh":39,"minecraft:sand":3,"minecraft:crafting_table":3,"minecraft:acacia_sapling":3,"minecraft:cyan_terracotta":7,"minecraft:apple":3,"spartanweaponry:rapier_stone":128,"minecraft:stone_bricks":2,"minecraft:bow":2,"minecraft:andesite":6},"minecraft:broken":{"spartanweaponry:rapier_stone":1},"minecraft:killed":{"minecraft:husk":1,"minecraft:zombie_villager":1,"minecraft:spider":7,"betteranimalsplus:butterfly":1,"minecraft:creeper":2,"minecraft:skeleton":10,"minecraft:zombie":41},"minecraft:mined":{"minecraft:cyan_terracotta":1,"minecraft:jungle_leaves":3,"minecraft:blue_stained_glass":4,"minecraft:crafting_table":2,"minecraft:gray_stained_glass":6,"minecraft:white_stained_glass":8,"minecraft:spruce_leaves":3,"minecraft:spawner":10,"minecraft:light_blue_stained_glass":5,"minecraft:glowstone":1,"minecraft:birch_log":2,"minecraft:andesite":6,"minecraft:anvil":1,"minecraft:oak_log":6,"minecraft:iron_bars":1,"minecraft:sand":3,"minecraft:cobweb":1,"minecraft:cracked_stone_bricks":1,"minecraft:stone":24,"minecraft:stone_bricks":33,"minecraft:mossy_stone_bricks":5,"minecraft:oak_leaves":8},"minecraft:crafted":{"minecraft:oak_planks":24,"minecraft:crafting_table":1,"minecraft:wooden_pickaxe":1,"minecraft:birch_planks":8,"minecraft:shield":1,"minecraft:stick":4,"minecraft:stone_pickaxe":1,"minecraft:stone_sword":1},"minecraft:killed_by":{"minecraft:skeleton":2,"minecraft:zombie":1},"minecraft:custom":{"minecraft:interact_with_furnace":4,"minecraft:mob_kills":66,"minecraft:interact_with_crafting_table":5,"minecraft:play_one_minute":51516,"minecraft:leave_game":2,"minecraft:time_since_death":5820,"minecraft:climb_one_cm":39396,"minecraft:time_since_rest":5850,"minecraft:sprint_one_cm":205390,"minecraft:damage_taken":1603,"minecraft:walk_one_cm":138699,"minecraft:damage_blocked_by_shield":2040,"minecraft:drop":1,"minecraft:damage_dealt":10628,"minecraft:fly_one_cm":138218,"minecraft:open_chest":15,"minecraft:crouch_one_cm":4864,"minecraft:deaths":3,"minecraft:sneak_time":1931,"minecraft:jump":789,"minecraft:fall_one_cm":26084},"minecraft:picked_up":{"minecraft:birch_log":2,"minecraft:crafting_table":2,"minecraft:anvil":1,"minecraft:ladder":2,"minecraft:andesite":6,"minecraft:potato":1,"minecraft:oak_log":6,"minecraft:gunpowder":5,"minecraft:string":9,"minecraft:leather_boots":1,"minecraft:bone":46,"minecraft:apple":3,"minecraft:stone_bricks":30,"minecraft:bow":1,"minecraft:iron_ingot":2,"minecraft:mossy_stone_bricks":6,"minecraft:glowstone_dust":4,"minecraft:acacia_sapling":3,"minecraft:stick":7,"spartanweaponry:rapier_stone":1,"minecraft:acacia_log":6,"minecraft:sand":3,"minecraft:spider_eye":3,"minecraft:arrow":41,"minecraft:rotten_flesh":44,"minecraft:cyan_terracotta":7,"minecraft:oak_sapling":1,"minecraft:iron_bars":2,"minecraft:cobblestone":23}},"DataVersion":2586}