{"stats":{"minecraft:mined":{"minecraft:gray_stained_glass":6,"minecraft:glowstone":1,"minecraft:white_stained_glass":8,"minecraft:sand":3,"minecraft:birch_log":2,"minecraft:spruce_leaves":2,"minecraft:jungle_leaves":3,"minecraft:blue_stained_glass":4,"minecraft:oak_leaves":4,"minecraft:crafting_table":1,"minecraft:light_blue_stained_glass":2},"minecraft:killed":{"minecraft:spider":3,"minecraft:skeleton":1,"minecraft:creeper":2},"minecraft:used":{"minecraft:rotten_flesh":5,"minecraft:apple":3,"minecraft:sand":3,"spartanweaponry:rapier_stone":21},"minecraft:custom":{"minecraft:open_chest":2,"minecraft:time_since_rest":12023,"minecraft:crouch_one_cm":247,"minecraft:interact_with_furnace":3,"minecraft:play_one_minute":12023,"minecraft:sprint_one_cm":77200,"minecraft:damage_taken":245,"minecraft:walk_one_cm":37028,"minecraft:sneak_time":31,"minecraft:mob_kills":6,"minecraft:jump":174,"minecraft:damage_dealt":1090,"minecraft:time_since_death":12023,"minecraft:climb_one_cm":5904,"minecraft:fall_one_cm":5980,"minecraft:fly_one_cm":30205},"minecraft:crafted":{"minecraft:birch_planks":8},"minecraft:picked_up":{"minecraft:arrow":2,"minecraft:leather_boots":1,"minecraft:bone":2,"spartanweaponry:rapier_stone":1,"minecraft:apple":3,"minecraft:bow":1,"minecraft:sand":3,"minecraft:gunpowder":4,"minecraft:glowstone_dust":4,"minecraft:crafting_table":1,"minecraft:spider_eye":3,"minecraft:string":5,"minecraft:birch_log":2}},"DataVersion":2586}