{"stats":{"minecraft:dropped":{"minecraft:wooden_pickaxe":1},"minecraft:used":{"minecraft:mossy_stone_bricks":8,"minecraft:iron_bars":5,"minecraft:stone_sword":171,"minecraft:birch_planks":3,"minecraft:stone_pickaxe":159,"minecraft:bone_block":12,"minecraft:oak_planks":4,"minecraft:ladder":4,"minecraft:wooden_pickaxe":3,"minecraft:shield":194,"minecraft:cut_sandstone":1,"spartanweaponry:boomerang_wood":3,"minecraft:rotten_flesh":75,"minecraft:sand":3,"minecraft:crafting_table":5,"minecraft:light_gray_terracotta":2,"minecraft:white_bed":1,"minecraft:acacia_sapling":3,"minecraft:cyan_terracotta":7,"minecraft:apple":3,"spartanweaponry:rapier_stone":128,"minecraft:stone_bricks":46,"minecraft:bow":2,"minecraft:andesite":6},"minecraft:broken":{"minecraft:stone_pickaxe":1,"minecraft:stone_sword":1,"minecraft:leather_boots":1,"spartanweaponry:rapier_stone":1},"minecraft:killed":{"minecraft:husk":1,"minecraft:zombie_villager":1,"minecraft:spider":16,"betteranimalsplus:pheasant":1,"betteranimalsplus:butterfly":1,"minecraft:creeper":2,"minecraft:skeleton":11,"minecraft:zombie":50},"minecraft:crafted":{"minecraft:bone_block":18,"minecraft:oak_planks":24,"minecraft:crafting_table":2,"minecraft:wooden_pickaxe":1,"minecraft:bone_meal":165,"minecraft:birch_planks":8,"minecraft:white_wool":3,"minecraft:shield":1,"minecraft:stick":8,"minecraft:stone_pickaxe":2,"minecraft:stone_sword":3,"minecraft:white_bed":1},"minecraft:mined":{"minecraft:cut_sandstone":1,"minecraft:cyan_terracotta":1,"minecraft:infested_stone_bricks":2,"minecraft:jungle_leaves":7,"minecraft:blue_stained_glass":4,"minecraft:gray_stained_glass_pane":2,"minecraft:crafting_table":3,"minecraft:light_gray_terracotta":2,"minecraft:ladder":2,"minecraft:gray_stained_glass":6,"minecraft:white_stained_glass_pane":3,"minecraft:white_stained_glass":8,"minecraft:glass":1,"minecraft:spruce_leaves":5,"minecraft:spawner":29,"minecraft:light_blue_stained_glass":5,"minecraft:glowstone":1,"minecraft:furnace":1,"minecraft:birch_log":2,"minecraft:iron_ore":8,"minecraft:andesite":6,"minecraft:anvil":1,"minecraft:oak_log":6,"minecraft:iron_bars":7,"minecraft:sand":3,"minecraft:cobweb":1,"minecraft:cracked_stone_bricks":1,"minecraft:stone_bricks":48,"minecraft:stone":34,"minecraft:bone_block":1,"minecraft:mossy_stone_bricks":8,"minecraft:oak_leaves":14},"minecraft:killed_by":{"minecraft:skeleton":2,"minecraft:spider":2,"minecraft:zombie":2},"minecraft:custom":{"minecraft:interact_with_furnace":5,"minecraft:mob_kills":86,"minecraft:interact_with_anvil":1,"minecraft:interact_with_crafting_table":10,"minecraft:play_one_minute":98078,"minecraft:leave_game":4,"minecraft:time_since_death":19151,"minecraft:sleep_in_bed":2,"minecraft:climb_one_cm":82137,"minecraft:time_since_rest":19000,"minecraft:sprint_one_cm":370245,"minecraft:damage_taken":2885,"minecraft:walk_one_cm":251329,"minecraft:damage_blocked_by_shield":3695,"minecraft:drop":1,"minecraft:damage_dealt":14519,"minecraft:swim_one_cm":5972,"minecraft:fly_one_cm":218877,"minecraft:open_chest":26,"minecraft:crouch_one_cm":7858,"minecraft:deaths":6,"minecraft:sneak_time":2918,"minecraft:walk_under_water_one_cm":2637,"minecraft:jump":1337,"minecraft:walk_on_water_one_cm":1953,"minecraft:fall_one_cm":40402},"minecraft:picked_up":{"minecraft:birch_log":2,"minecraft:crafting_table":3,"minecraft:feather":2,"minecraft:ladder":4,"minecraft:anvil":1,"minecraft:andesite":6,"minecraft:cut_sandstone":1,"minecraft:potato":1,"minecraft:oak_log":6,"minecraft:gunpowder":5,"minecraft:string":18,"betteranimalsplus:pheasant_egg":1,"minecraft:leather_boots":1,"minecraft:bone":49,"minecraft:apple":3,"minecraft:stone_bricks":46,"minecraft:bow":1,"minecraft:iron_ingot":2,"minecraft:iron_ore":8,"minecraft:mossy_stone_bricks":8,"minecraft:glowstone_dust":4,"minecraft:acacia_sapling":3,"minecraft:furnace":1,"minecraft:stick":7,"spartanweaponry:rapier_stone":1,"minecraft:acacia_log":6,"betteranimalsplus:pheasantraw":3,"minecraft:sand":3,"minecraft:spider_eye":6,"minecraft:light_gray_terracotta":2,"minecraft:arrow":42,"minecraft:rotten_flesh":56,"minecraft:cyan_terracotta":7,"minecraft:oak_sapling":1,"minecraft:iron_bars":8,"minecraft:bone_block":1,"minecraft:cobblestone":32}},"DataVersion":2586}