{"stats":{"minecraft:mined":{"minecraft:crafting_table":2,"minecraft:grass_block":1,"minecraft:cobblestone":4,"minecraft:furnace":2,"minecraft:iron_ore":25,"minecraft:sweet_berry_bush":1,"minecraft:andesite":3,"minecraft:pumpkin":4,"minecraft:coal_ore":90,"minecraft:oak_log":17,"minecraft:dirt":1,"minecraft:stone":91,"minecraft:oak_leaves":3},"minecraft:killed_by":{"minecraft:player":2},"minecraft:picked_up":{"minecraft:crafting_table":2,"minecraft:andesite":6,"minecraft:leather":7,"minecraft:wooden_pickaxe":5,"minecraft:oak_log":17,"minecraft:dirt":2,"minecraft:bone":10,"minecraft:beef":13,"minecraft:iron_ingot":1,"minecraft:stone_pickaxe":2,"minecraft:iron_ore":25,"minecraft:oak_planks":21,"minecraft:furnace":2,"minecraft:stick":6,"minecraft:pumpkin":4,"minecraft:sweet_berries":2,"minecraft:ink_sac":5,"betteranimalsplus:eel_meat_raw":7,"minecraft:arrow":3,"minecraft:rotten_flesh":4,"minecraft:stone_axe":1,"minecraft:granite":4,"minecraft:oak_sapling":3,"minecraft:black_wool":1,"minecraft:mutton":7,"minecraft:coal":157,"minecraft:white_wool":3,"minecraft:cobblestone":157},"minecraft:crafted":{"minecraft:cooked_beef":13,"minecraft:oak_planks":20,"minecraft:crafting_table":2,"minecraft:furnace":1,"minecraft:stone_axe":1,"minecraft:cooked_mutton":7,"minecraft:air":0,"minecraft:stick":4,"minecraft:iron_ingot":12,"minecraft:stone_pickaxe":2,"minecraft:iron_block":1,"betteranimalsplus:eel_meat_cooked":7,"minecraft:white_bed":1,"minecraft:torch":4,"tac:workbench":1},"minecraft:custom":{"minecraft:interact_with_furnace":14,"minecraft:mob_kills":25,"minecraft:interact_with_crafting_table":10,"minecraft:play_one_minute":42838,"minecraft:leave_game":1,"minecraft:time_since_death":40398,"minecraft:sleep_in_bed":1,"minecraft:time_since_rest":4401,"minecraft:sprint_one_cm":90443,"minecraft:damage_taken":1308,"minecraft:walk_one_cm":94372,"minecraft:drop":20,"minecraft:damage_dealt":3312,"minecraft:swim_one_cm":12798,"minecraft:fly_one_cm":79323,"minecraft:player_kills":1,"minecraft:crouch_one_cm":5909,"minecraft:deaths":2,"minecraft:sneak_time":2199,"minecraft:walk_under_water_one_cm":10693,"minecraft:jump":665,"minecraft:walk_on_water_one_cm":12138,"minecraft:fall_one_cm":8374},"minecraft:killed":{"betteranimalsplus:lamprey":2,"betteranimalsplus:lammergeier":1,"minecraft:creeper":1,"minecraft:squid":1,"betteranimalsplus:eel_freshwater":3,"minecraft:sheep":4,"minecraft:skeleton":3,"minecraft:zombie":3,"minecraft:cow":7},"minecraft:dropped":{"minecraft:stone_axe":1,"minecraft:cobblestone":53,"minecraft:oak_planks":21,"minecraft:stick":2,"minecraft:wooden_pickaxe":4,"minecraft:stone_pickaxe":2},"minecraft:used":{"minecraft:cooked_mutton":2,"minecraft:stone_pickaxe":219,"minecraft:wooden_pickaxe":15,"minecraft:rotten_flesh":4,"minecraft:torch":2,"minecraft:dirt":2,"minecraft:crafting_table":4,"minecraft:white_bed":1,"betteranimalsplus:eel_meat_cooked":7,"minecraft:stone_axe":54,"minecraft:cobblestone":41,"minecraft:sweet_berries":5,"minecraft:oak_sapling":3,"minecraft:furnace":3,"minecraft:andesite":3,"minecraft:pumpkin":1},"minecraft:broken":{"minecraft:stone_pickaxe":1}},"DataVersion":2586}