{"stat.chestOpened":1,"stat.useItem.minecraft.splash_potion":6,"stat.walkOneCm":28198,"stat.killEntity.jenny":1,"stat.damageTaken":811,"stat.pickup.minecraft.emerald":64,"stat.mobKills":1,"stat.pickup.minecraft.flower_pot":1,"stat.useItem.minecraft.diamond_sword":3,"stat.flyOneCm":26601,"stat.useItem.minecraft.ender_pearl":4,"stat.deaths":3,"stat.pickup.minecraft.diamond":64,"stat.pickup.minecraft.wheat_seeds":3,"stat.jump":102,"stat.pickup.minecraft.egg":1,"stat.swimOneCm":70,"stat.playOneMinute":13560,"stat.pickup.minecraft.red_flower":1,"stat.sneakTime":160,"stat.damageDealt":190,"stat.crouchOneCm":463,"stat.timeSinceDeath":451,"stat.pickup.minecraft.ender_pearl":16,"stat.useItem.minecraft.diamond_block":5,"stat.sprintOneCm":886,"stat.useItem.minecraft.stone_slab2":4,"stat.diveOneCm":212,"stat.pickup.minecraft.gold_ingot":64}