{"stat.chestOpened":1,"stat.useItem.minecraft.bow":1,"stat.useItem.minecraft.splash_potion":6,"stat.walkOneCm":48286,"stat.pickup.minecraft.bone":2,"stat.pickup.minecraft.iron_sword":2,"stat.killEntity.Creeper":1,"stat.pickup.minecraft.flower_pot":3,"stat.useItem.minecraft.diamond_sword":23,"stat.useItem.minecraft.potion":2,"stat.pickup.minecraft.diamond_sword":3,"stat.jump":180,"stat.swimOneCm":70,"stat.fallOneCm":418,"stat.pickup.minecraft.stone":1,"stat.crouchOneCm":628,"stat.drop.minecraft.diamond_leggings":1,"stat.pickup.minecraft.ender_pearl":16,"stat.useItem.minecraft.diamond_block":5,"stat.sprintOneCm":886,"stat.useItem.minecraft.stone_slab2":17,"stat.pickup.minecraft.bow":3,"stat.pickup.minecraft.gold_ingot":192,"stat.useItem.minecraft.iron_sword":12,"stat.killEntity.jenny":1,"stat.pickup.minecraft.diamond_helmet":4,"stat.damageTaken":1071,"stat.pickup.minecraft.name_tag":1,"stat.pickup.minecraft.emerald":192,"stat.mobKills":2,"stat.pickup.minecraft.diamond_chestplate":3,"stat.drop.minecraft.diamond_boots":1,"stat.pickup.minecraft.diamond_boots":5,"stat.pickup.minecraft.diamond_leggings":4,"stat.pickup.minecraft.spawn_egg":1,"stat.flyOneCm":27058,"stat.deaths":6,"stat.useItem.minecraft.ender_pearl":4,"stat.pickup.minecraft.glass_bottle":1,"stat.pickup.minecraft.diamond":128,"stat.pickup.minecraft.wheat_seeds":3,"stat.drop":3,"stat.pickup.minecraft.egg":1,"stat.playOneMinute":25260,"stat.pickup.minecraft.red_flower":1,"stat.sneakTime":1092,"stat.damageDealt":1169,"stat.timeSinceDeath":4021,"stat.drop.minecraft.glass_bottle":1,"stat.mineBlock.minecraft.tallgrass":1,"stat.diveOneCm":212}