{"stats":{"minecraft:killed_by":{"minecraft:skeleton":1},"minecraft:mined":{"minecraft:grass":2,"minecraft:oak_leaves":2},"minecraft:custom":{"minecraft:jump":235,"minecraft:time_since_rest":2805,"minecraft:damage_dealt":20,"minecraft:damage_taken":280,"minecraft:leave_game":1,"minecraft:time_since_death":2768,"minecraft:play_time":10637,"minecraft:sprint_one_cm":24377,"minecraft:walk_one_cm":5653,"minecraft:walk_on_water_one_cm":234,"minecraft:deaths":1,"minecraft:total_world_time":10637,"minecraft:walk_under_water_one_cm":168,"minecraft:swim_one_cm":835,"minecraft:fall_one_cm":8811,"minecraft:fly_one_cm":57940,"minecraft:damage_dealt_resisted":12}},"DataVersion":3465}