{"stats":{"minecraft:killed_by":{"minecraft:skeleton":3,"minecraft:creeper":1,"minecraft:spider":1,"minecraft:zombie":1},"minecraft:mined":{"minecraft:dandelion":1,"minecraft:crafting_table":2,"minecraft:acacia_log":51,"minecraft:grass_block":1,"minecraft:glass":1,"minecraft:tall_grass":1,"minecraft:spruce_leaves":4,"minecraft:spawner":2,"minecraft:birch_planks":1,"minecraft:birch_log":11,"minecraft:grass":9,"minecraft:coal_ore":14,"minecraft:oak_log":12,"minecraft:rail":1,"minecraft:sand":1,"minecraft:stone":22,"minecraft:oak_leaves":11},"minecraft:killed":{"minecraft:spider":4,"minecraft:skeleton":4,"minecraft:zombie":3},"minecraft:dropped":{"minecraft:rail":2},"minecraft:used":{"tac:workbench":2,"minecraft:acacia_log":51,"minecraft:birch_planks":3,"minecraft:stone_pickaxe":32,"minecraft:poppy":1,"minecraft:wooden_pickaxe":16,"minecraft:rotten_flesh":1,"minecraft:sand":1,"minecraft:dirt":3,"minecraft:crafting_table":2,"minecraft:acacia_sapling":18,"minecraft:dark_oak_door":1,"minecraft:oak_log":12,"spartanweaponry:rapier_stone":5,"minecraft:birch_sapling":7,"minecraft:stone_bricks":1,"minecraft:stone_axe":11,"minecraft:oak_sapling":8,"minecraft:birch_log":5,"minecraft:smooth_stone_slab":2},"minecraft:custom":{"minecraft:mob_kills":11,"minecraft:interact_with_crafting_table":3,"minecraft:play_one_minute":36436,"minecraft:leave_game":2,"minecraft:time_since_death":2107,"minecraft:climb_one_cm":2832,"minecraft:time_since_rest":2134,"minecraft:sprint_one_cm":60787,"minecraft:damage_taken":2135,"minecraft:walk_one_cm":84676,"minecraft:drop":2,"minecraft:damage_dealt":1750,"minecraft:swim_one_cm":3760,"minecraft:fly_one_cm":141424,"minecraft:open_chest":6,"minecraft:crouch_one_cm":2133,"minecraft:deaths":8,"minecraft:sneak_time":1409,"minecraft:walk_under_water_one_cm":350,"minecraft:jump":707,"minecraft:walk_on_water_one_cm":317,"minecraft:fall_one_cm":20097},"minecraft:crafted":{"minecraft:crafting_table":1,"minecraft:wooden_pickaxe":1,"spartanweaponry:handle":1,"minecraft:birch_planks":24,"minecraft:stone_axe":1,"minecraft:stick":4,"minecraft:stone_pickaxe":1},"minecraft:picked_up":{"minecraft:birch_log":11,"minecraft:crafting_table":3,"minecraft:wooden_pickaxe":1,"minecraft:birch_planks":16,"minecraft:oak_log":12,"minecraft:string":8,"minecraft:dirt":3,"minecraft:smooth_stone_slab":2,"minecraft:bone":12,"minecraft:apple":3,"minecraft:stone_bricks":1,"minecraft:bow":1,"minecraft:poppy":1,"minecraft:birch_sapling":9,"minecraft:acacia_sapling":18,"minecraft:book":2,"minecraft:dark_oak_door":1,"minecraft:stick":22,"minecraft:acacia_log":51,"minecraft:sand":1,"minecraft:spider_eye":1,"minecraft:arrow":6,"minecraft:rotten_flesh":12,"minecraft:oak_sapling":10,"minecraft:coal":14,"minecraft:rail":2,"minecraft:cobblestone":22}},"DataVersion":2586}