{"stats":{"minecraft:killed_by":{"minecraft:player":1},"minecraft:mined":{"minecraft:grass":10,"minecraft:oak_log":18,"minecraft:stone":35,"minecraft:oak_leaves":7},"minecraft:picked_up":{"minecraft:wheat_seeds":2,"minecraft:stone_axe":2,"minecraft:wooden_pickaxe":6,"minecraft:stone_pickaxe":1,"minecraft:oak_log":14,"minecraft:oak_planks":21,"minecraft:cobblestone":53},"minecraft:crafted":{"minecraft:oak_planks":32,"minecraft:crafting_table":1,"minecraft:stone_axe":1,"minecraft:stick":8,"minecraft:stone_pickaxe":1,"minecraft:wooden_pickaxe":1},"minecraft:custom":{"minecraft:time_since_rest":4499,"minecraft:play_one_minute":11670,"minecraft:crouch_one_cm":1032,"minecraft:damage_taken":638,"minecraft:sprint_one_cm":10530,"minecraft:walk_one_cm":31967,"minecraft:deaths":2,"minecraft:sneak_time":1023,"minecraft:walk_under_water_one_cm":228,"minecraft:drop":7,"minecraft:jump":158,"minecraft:damage_dealt":879,"minecraft:leave_game":1,"minecraft:time_since_death":4469,"minecraft:walk_on_water_one_cm":8582,"minecraft:interact_with_crafting_table":3,"minecraft:fall_one_cm":6472,"minecraft:fly_one_cm":11517,"minecraft:player_kills":3},"minecraft:dropped":{"minecraft:stone_axe":1,"minecraft:wooden_pickaxe":6},"minecraft:used":{"minecraft:stone_axe":21,"minecraft:crafting_table":1,"minecraft:stone_pickaxe":24,"minecraft:wooden_pickaxe":11}},"DataVersion":2586}