{"stats":{"minecraft:killed_by":{"minecraft:skeleton":7,"minecraft:creeper":1,"minecraft:spider":1,"minecraft:zombie":3},"minecraft:mined":{"minecraft:acacia_leaves":2,"minecraft:blue_stained_glass_pane":2,"minecraft:cyan_terracotta":5,"minecraft:jungle_leaves":1,"minecraft:dandelion":1,"minecraft:brewing_stand":2,"minecraft:crafting_table":7,"minecraft:light_gray_terracotta":1,"minecraft:granite":2,"minecraft:acacia_log":144,"minecraft:grass_block":1,"minecraft:gray_stained_glass":2,"minecraft:chest":3,"minecraft:white_stained_glass":2,"minecraft:glass":1,"minecraft:tall_grass":2,"minecraft:spruce_leaves":4,"minecraft:spawner":8,"minecraft:light_blue_stained_glass":2,"minecraft:birch_planks":2,"minecraft:spruce_sapling":1,"minecraft:furnace":1,"minecraft:iron_ore":26,"minecraft:birch_log":16,"minecraft:anvil":1,"minecraft:smooth_stone_slab":1,"minecraft:grass":9,"minecraft:oak_log":32,"minecraft:coal_ore":16,"minecraft:vine":1,"minecraft:rail":1,"minecraft:iron_bars":4,"minecraft:sand":3,"minecraft:cobweb":4,"minecraft:cracked_stone_bricks":1,"minecraft:stone":48,"minecraft:stone_bricks":17,"minecraft:oak_leaves":12},"minecraft:dropped":{"spartanweaponry:rapier_stone":1,"minecraft:apple":3,"minecraft:rail":2,"minecraft:leather_boots":1,"minecraft:stone_pickaxe":1},"minecraft:broken":{"minecraft:stone_pickaxe":1,"minecraft:stone_axe":1},"minecraft:picked_up":{"minecraft:birch_log":16,"minecraft:crafting_table":8,"minecraft:ladder":2,"minecraft:anvil":1,"minecraft:leather":2,"minecraft:wooden_pickaxe":1,"minecraft:birch_planks":17,"minecraft:oak_log":32,"minecraft:brewing_stand":2,"minecraft:dirt":12,"minecraft:string":26,"minecraft:cracked_stone_bricks":1,"minecraft:smooth_stone_slab":3,"minecraft:leather_boots":1,"minecraft:bone":22,"minecraft:apple":3,"minecraft:stone_bricks":19,"minecraft:bow":2,"minecraft:stone_pickaxe":1,"minecraft:iron_ore":26,"minecraft:rabbit_hide":2,"minecraft:beef":1,"minecraft:poppy":1,"minecraft:rabbit":2,"minecraft:bamboo":2,"minecraft:chest":3,"minecraft:birch_sapling":12,"minecraft:acacia_sapling":50,"minecraft:furnace":1,"minecraft:dark_oak_door":1,"minecraft:book":2,"minecraft:stick":50,"minecraft:acacia_log":138,"minecraft:sand":3,"minecraft:spruce_sapling":1,"minecraft:carrot":6,"minecraft:spider_eye":8,"minecraft:light_gray_terracotta":12,"minecraft:pumpkin_seeds":2,"minecraft:arrow":12,"minecraft:rotten_flesh":41,"minecraft:granite":2,"minecraft:cyan_terracotta":5,"minecraft:oak_sapling":21,"minecraft:iron_bars":4,"minecraft:coal":16,"minecraft:rail":2,"minecraft:cobblestone":49},"minecraft:custom":{"minecraft:interact_with_furnace":1,"minecraft:mob_kills":73,"minecraft:interact_with_crafting_table":17,"minecraft:play_one_minute":97937,"minecraft:leave_game":5,"minecraft:time_since_death":30639,"minecraft:climb_one_cm":15473,"minecraft:time_since_rest":30666,"minecraft:sprint_one_cm":179459,"minecraft:damage_taken":4111,"minecraft:walk_one_cm":258197,"minecraft:damage_blocked_by_shield":660,"minecraft:drop":6,"minecraft:damage_dealt":12811,"minecraft:swim_one_cm":12161,"minecraft:fly_one_cm":322594,"minecraft:open_chest":29,"minecraft:crouch_one_cm":3620,"minecraft:deaths":14,"minecraft:sneak_time":3267,"minecraft:walk_under_water_one_cm":458,"minecraft:jump":1814,"minecraft:walk_on_water_one_cm":3141,"minecraft:fall_one_cm":45920},"minecraft:crafted":{"spartanshields:shield_basic_wood":1,"spartanweaponry:rapier_stone":3,"minecraft:crafting_table":1,"minecraft:wooden_pickaxe":1,"spartanweaponry:handle":9,"minecraft:birch_planks":44,"minecraft:stone_axe":2,"spartanshields:shield_basic_stone":1,"spartanweaponry:club_studded":1,"minecraft:bread":5,"minecraft:stick":4,"spartanweaponry:club_wood":1,"minecraft:iron_ingot":1,"minecraft:stone_pickaxe":1,"spartanweaponry:boomerang_wood":1},"minecraft:used":{"tac:workbench":2,"minecraft:acacia_log":139,"minecraft:birch_planks":4,"minecraft:stone_pickaxe":131,"minecraft:poppy":1,"minecraft:chest":2,"minecraft:wooden_pickaxe":16,"spartanweaponry:boomerang_wood":10,"minecraft:rotten_flesh":1,"minecraft:sand":3,"minecraft:dirt":3,"minecraft:crafting_table":7,"minecraft:carrot":4,"minecraft:acacia_sapling":18,"spartanshields:shield_basic_stone":18,"minecraft:dark_oak_door":1,"minecraft:oak_log":32,"spartanweaponry:club_studded":4,"minecraft:bread":6,"spartanweaponry:rapier_stone":158,"minecraft:birch_sapling":7,"minecraft:spruce_sapling":1,"minecraft:stone_bricks":1,"minecraft:stone_axe":46,"minecraft:oak_sapling":8,"minecraft:furnace":1,"minecraft:birch_log":10,"minecraft:smooth_stone_slab":3},"minecraft:killed":{"betteranimalsplus:badger":1,"betteranimalsplus:coyote":2,"minecraft:rabbit":2,"minecraft:spider":19,"minecraft:skeleton":14,"minecraft:zombie":34,"minecraft:cow":1}},"DataVersion":2586}