{"stats":{"minecraft:killed_by":{"minecraft:skeleton":3,"minecraft:creeper":1,"minecraft:zombie":1},"minecraft:mined":{"minecraft:birch_log":6,"minecraft:dandelion":1,"minecraft:crafting_table":1,"minecraft:grass":9,"minecraft:grass_block":1,"minecraft:rail":1,"minecraft:sand":1,"minecraft:glass":1,"minecraft:tall_grass":1,"minecraft:spruce_leaves":4,"minecraft:oak_leaves":9,"minecraft:spawner":2},"minecraft:killed":{"minecraft:skeleton":1,"minecraft:zombie":3,"minecraft:spider":2},"minecraft:dropped":{"minecraft:rail":2},"minecraft:used":{"tac:workbench":2,"minecraft:birch_planks":2,"minecraft:birch_sapling":1,"minecraft:poppy":1,"minecraft:wooden_pickaxe":2,"minecraft:rotten_flesh":1,"minecraft:stone_bricks":1,"minecraft:dirt":3,"minecraft:sand":1,"minecraft:crafting_table":1,"minecraft:smooth_stone_slab":2,"minecraft:dark_oak_door":1},"minecraft:custom":{"minecraft:time_since_rest":10112,"minecraft:sprint_one_cm":45091,"minecraft:damage_taken":1715,"minecraft:walk_one_cm":47059,"minecraft:mob_kills":6,"minecraft:drop":2,"minecraft:damage_dealt":1038,"minecraft:swim_one_cm":3760,"minecraft:interact_with_crafting_table":1,"minecraft:fly_one_cm":77668,"minecraft:open_chest":6,"minecraft:crouch_one_cm":1234,"minecraft:play_one_minute":24436,"minecraft:deaths":6,"minecraft:walk_under_water_one_cm":350,"minecraft:sneak_time":780,"minecraft:jump":523,"minecraft:leave_game":2,"minecraft:walk_on_water_one_cm":317,"minecraft:time_since_death":10085,"minecraft:climb_one_cm":1811,"minecraft:fall_one_cm":15299},"minecraft:crafted":{"minecraft:crafting_table":1,"minecraft:wooden_pickaxe":1,"minecraft:birch_planks":24},"minecraft:picked_up":{"minecraft:dark_oak_door":1,"minecraft:birch_log":6,"minecraft:crafting_table":1,"minecraft:stick":3,"minecraft:sand":1,"minecraft:dirt":3,"minecraft:string":4,"minecraft:smooth_stone_slab":2,"minecraft:bone":2,"minecraft:arrow":2,"minecraft:rotten_flesh":9,"minecraft:stone_bricks":1,"minecraft:poppy":1,"minecraft:oak_sapling":1,"minecraft:birch_sapling":3,"minecraft:rail":2,"minecraft:book":2}},"DataVersion":2586}