{"stats":{"minecraft:custom":{"minecraft:jump":172,"minecraft:time_since_rest":312,"minecraft:leave_game":1,"minecraft:damage_dealt":20,"minecraft:deaths":1,"minecraft:walk_on_water_one_cm":234,"minecraft:sprint_one_cm":18357,"minecraft:play_time":8144,"minecraft:damage_taken":240,"minecraft:time_since_death":275,"minecraft:walk_one_cm":1869,"minecraft:total_world_time":8144,"minecraft:walk_under_water_one_cm":168,"minecraft:swim_one_cm":835,"minecraft:fall_one_cm":6156,"minecraft:fly_one_cm":47192,"minecraft:damage_dealt_resisted":12},"minecraft:mined":{"minecraft:grass":2},"minecraft:killed_by":{"minecraft:skeleton":1}},"DataVersion":3465}