{"stats":{"minecraft:mined":{"minecraft:crafting_table":1,"minecraft:grass":10,"minecraft:grass_block":2,"minecraft:oak_log":22,"minecraft:stone":75,"minecraft:oak_leaves":7,"minecraft:fern":6},"minecraft:killed_by":{"minecraft:player":1},"minecraft:picked_up":{"minecraft:stick":1,"minecraft:crafting_table":1,"betteranimalsplus:calamari_raw":2,"minecraft:wooden_pickaxe":6,"minecraft:oak_log":18,"minecraft:ink_sac":6,"minecraft:dirt":2,"betteranimalsplus:eel_meat_raw":19,"minecraft:rotten_flesh":1,"minecraft:stone_axe":2,"minecraft:wheat_seeds":2,"minecraft:stone_pickaxe":1,"minecraft:oak_sapling":3,"minecraft:oak_planks":21,"minecraft:cobblestone":93},"minecraft:crafted":{"minecraft:oak_planks":32,"minecraft:crafting_table":1,"minecraft:stick":8,"minecraft:wooden_pickaxe":1,"minecraft:stone_pickaxe":1,"minecraft:stone_axe":1},"minecraft:custom":{"minecraft:time_since_rest":10902,"minecraft:sprint_one_cm":18113,"minecraft:walk_one_cm":44633,"minecraft:damage_taken":768,"minecraft:mob_kills":17,"minecraft:drop":7,"minecraft:damage_dealt":1949,"minecraft:swim_one_cm":10458,"minecraft:interact_with_crafting_table":3,"minecraft:fly_one_cm":21288,"minecraft:player_kills":3,"minecraft:crouch_one_cm":1032,"minecraft:play_one_minute":18073,"minecraft:deaths":2,"minecraft:sneak_time":1097,"minecraft:walk_under_water_one_cm":10819,"minecraft:jump":272,"minecraft:leave_game":2,"minecraft:walk_on_water_one_cm":14068,"minecraft:time_since_death":10872,"minecraft:fall_one_cm":8388},"minecraft:dropped":{"minecraft:stone_axe":1,"minecraft:wooden_pickaxe":6},"minecraft:killed":{"betteranimalsplus:eel_freshwater":2,"betteranimalsplus:lamprey":9,"minecraft:zombie":3,"minecraft:squid":3},"minecraft:used":{"minecraft:oak_log":4,"minecraft:stone_pickaxe":64,"minecraft:wooden_pickaxe":11,"minecraft:stone_axe":50,"minecraft:dirt":2,"minecraft:crafting_table":1,"minecraft:oak_sapling":3}},"DataVersion":2586}