{"stats":{"minecraft:killed_by":{"minecraft:skeleton":7,"minecraft:creeper":1,"minecraft:spider":1,"minecraft:zombie":3},"minecraft:mined":{"minecraft:blue_stained_glass_pane":2,"minecraft:cyan_terracotta":5,"minecraft:jungle_leaves":1,"minecraft:dandelion":1,"minecraft:brewing_stand":2,"minecraft:crafting_table":7,"minecraft:light_gray_terracotta":1,"minecraft:acacia_log":87,"minecraft:grass_block":1,"minecraft:gray_stained_glass":2,"minecraft:chest":2,"minecraft:white_stained_glass":2,"minecraft:glass":1,"minecraft:tall_grass":2,"minecraft:spruce_leaves":4,"minecraft:light_blue_stained_glass":2,"minecraft:spawner":8,"minecraft:birch_planks":2,"minecraft:furnace":1,"minecraft:birch_log":16,"minecraft:anvil":1,"minecraft:grass":9,"minecraft:oak_log":23,"minecraft:coal_ore":14,"minecraft:rail":1,"minecraft:iron_bars":4,"minecraft:sand":1,"minecraft:cobweb":4,"minecraft:stone_bricks":10,"minecraft:stone":31,"minecraft:oak_leaves":12},"minecraft:killed":{"betteranimalsplus:badger":1,"betteranimalsplus:coyote":1,"minecraft:rabbit":2,"minecraft:spider":16,"minecraft:skeleton":13,"minecraft:zombie":23,"minecraft:cow":1},"minecraft:dropped":{"spartanweaponry:rapier_stone":1,"minecraft:apple":3,"minecraft:rail":2,"minecraft:leather_boots":1},"minecraft:used":{"tac:workbench":2,"minecraft:acacia_log":86,"minecraft:birch_planks":4,"minecraft:stone_pickaxe":75,"minecraft:poppy":1,"minecraft:chest":2,"minecraft:wooden_pickaxe":16,"spartanweaponry:boomerang_wood":10,"minecraft:rotten_flesh":1,"minecraft:sand":1,"minecraft:dirt":3,"minecraft:crafting_table":6,"minecraft:carrot":4,"minecraft:acacia_sapling":18,"spartanshields:shield_basic_stone":17,"minecraft:dark_oak_door":1,"minecraft:oak_log":23,"minecraft:bread":3,"spartanweaponry:rapier_stone":118,"minecraft:birch_sapling":7,"minecraft:stone_bricks":1,"minecraft:stone_axe":28,"minecraft:furnace":1,"minecraft:oak_sapling":8,"minecraft:birch_log":10,"minecraft:smooth_stone_slab":2},"minecraft:custom":{"minecraft:mob_kills":57,"minecraft:interact_with_crafting_table":14,"minecraft:play_one_minute":68701,"minecraft:leave_game":3,"minecraft:time_since_death":1403,"minecraft:climb_one_cm":7492,"minecraft:time_since_rest":1430,"minecraft:sprint_one_cm":134925,"minecraft:damage_taken":3943,"minecraft:walk_one_cm":174774,"minecraft:damage_blocked_by_shield":520,"minecraft:drop":5,"minecraft:damage_dealt":9705,"minecraft:swim_one_cm":12161,"minecraft:fly_one_cm":242048,"minecraft:open_chest":19,"minecraft:crouch_one_cm":2736,"minecraft:deaths":14,"minecraft:sneak_time":1631,"minecraft:walk_under_water_one_cm":458,"minecraft:jump":1451,"minecraft:walk_on_water_one_cm":1651,"minecraft:fall_one_cm":40745},"minecraft:crafted":{"spartanshields:shield_basic_wood":1,"spartanweaponry:rapier_stone":2,"minecraft:crafting_table":1,"minecraft:wooden_pickaxe":1,"spartanweaponry:handle":9,"minecraft:birch_planks":44,"spartanshields:shield_basic_stone":1,"minecraft:stone_axe":1,"minecraft:bread":5,"minecraft:stick":4,"minecraft:stone_pickaxe":1,"spartanweaponry:boomerang_wood":1},"minecraft:broken":{"minecraft:stone_axe":1},"minecraft:picked_up":{"minecraft:birch_log":16,"minecraft:crafting_table":8,"minecraft:ladder":2,"minecraft:anvil":1,"minecraft:leather":2,"minecraft:wooden_pickaxe":1,"minecraft:birch_planks":17,"minecraft:oak_log":23,"minecraft:brewing_stand":2,"minecraft:dirt":3,"minecraft:string":22,"minecraft:smooth_stone_slab":2,"minecraft:leather_boots":1,"minecraft:bone":22,"minecraft:apple":3,"minecraft:stone_bricks":9,"minecraft:bow":1,"minecraft:rabbit_hide":2,"minecraft:beef":1,"minecraft:poppy":1,"minecraft:rabbit":2,"minecraft:bamboo":2,"minecraft:chest":2,"minecraft:birch_sapling":12,"minecraft:acacia_sapling":24,"minecraft:furnace":1,"minecraft:book":2,"minecraft:dark_oak_door":1,"minecraft:stick":31,"minecraft:acacia_log":80,"minecraft:sand":1,"minecraft:carrot":6,"minecraft:spider_eye":6,"minecraft:light_gray_terracotta":12,"minecraft:pumpkin_seeds":2,"minecraft:arrow":12,"minecraft:rotten_flesh":30,"minecraft:cyan_terracotta":5,"minecraft:oak_sapling":18,"minecraft:coal":14,"minecraft:iron_bars":4,"minecraft:rail":2,"minecraft:cobblestone":31}},"DataVersion":2586}