{"stat.chestOpened":3,"stat.useItem.minecraft.bow":9,"stat.useItem.minecraft.splash_potion":22,"stat.walkOneCm":65515,"stat.pickup.minecraft.bone":2,"stat.playerKills":2,"stat.drop.minecraft.diamond_chestplate":1,"stat.pickup.minecraft.iron_sword":5,"stat.pickup.minecraft.arrow":3,"stat.pickup.minecraft.flower_pot":1,"stat.useItem.minecraft.diamond_sword":38,"stat.pickup.minecraft.diamond_sword":1,"stat.swimOneCm":124,"stat.jump":442,"stat.fallOneCm":822,"stat.pickup.minecraft.porkchop":12,"stat.crouchOneCm":227,"stat.drop.minecraft.emerald":64,"stat.pickup.minecraft.ender_pearl":12,"stat.sprintOneCm":23418,"stat.pickup.minecraft.wooden_door":2,"stat.useItem.minecraft.stone_slab2":8,"stat.pickup.minecraft.bow":7,"stat.craftingTableInteraction":1,"stat.pickup.minecraft.gold_ingot":128,"stat.killEntity.Skeleton":1,"stat.pickup.minecraft.splash_potion":4,"stat.useItem.minecraft.egg":10,"stat.killEntity.jenny":3,"stat.pickup.minecraft.diamond_helmet":2,"stat.damageTaken":20,"stat.pickup.minecraft.emerald":128,"stat.mobKills":4,"stat.pickup.minecraft.diamond_chestplate":4,"stat.pickup.minecraft.spawn_egg":2,"stat.pickup.minecraft.diamond_leggings":4,"stat.flyOneCm":289235,"stat.deaths":6,"stat.pickup.minecraft.wheat_seeds":8,"stat.drop":7,"stat.pickup.minecraft.diamond":128,"stat.pickup.minecraft.egg":2,"stat.playOneMinute":35859,"stat.drop.minecraft.wheat_seeds":3,"stat.pickup.minecraft.torch":1,"stat.pickup.minecraft.red_flower":1,"stat.sneakTime":330,"stat.pickup.minecraft.diamond_block":64,"stat.drop.minecraft.gold_ingot":64,"stat.damageDealt":3092,"stat.timeSinceDeath":3789,"stat.useItem.minecraft.spawn_egg":26,"stat.mineBlock.minecraft.tallgrass":3,"stat.diveOneCm":553}