{"stat.chestOpened":3,"stat.pickup.minecraft.spawn_egg":1,"stat.flyOneCm":201609,"stat.walkOneCm":16550,"stat.pickup.minecraft.wheat_seeds":3,"stat.drop":3,"stat.jump":127,"stat.swimOneCm":124,"stat.pickup.minecraft.egg":1,"stat.playOneMinute":11559,"stat.drop.minecraft.wheat_seeds":3,"stat.useItem.minecraft.egg":10,"stat.sneakTime":163,"stat.damageDealt":49,"stat.crouchOneCm":163,"stat.timeSinceDeath":11559,"stat.sprintOneCm":11282,"stat.useItem.minecraft.spawn_egg":21,"stat.useItem.minecraft.stone_slab2":1,"stat.diveOneCm":553,"stat.craftingTableInteraction":1}