{"stats":{"minecraft:killed_by":{"minecraft:creeper":1,"minecraft:zombie":1},"minecraft:mined":{"minecraft:dandelion":1,"minecraft:grass":9,"minecraft:grass_block":1,"minecraft:rail":1,"minecraft:sand":1,"minecraft:tall_grass":1,"minecraft:spruce_leaves":4,"minecraft:oak_leaves":7},"minecraft:killed":{"minecraft:zombie":1,"minecraft:spider":2},"minecraft:dropped":{"minecraft:rail":2},"minecraft:used":{"minecraft:birch_sapling":1,"minecraft:poppy":1,"minecraft:stone_bricks":1,"minecraft:dirt":3,"minecraft:sand":1,"minecraft:dark_oak_door":1},"minecraft:custom":{"minecraft:time_since_rest":733,"minecraft:sprint_one_cm":22553,"minecraft:damage_taken":905,"minecraft:walk_one_cm":28819,"minecraft:mob_kills":3,"minecraft:drop":2,"minecraft:damage_dealt":543,"minecraft:swim_one_cm":3760,"minecraft:fly_one_cm":48344,"minecraft:open_chest":5,"minecraft:crouch_one_cm":9,"minecraft:play_one_minute":12436,"minecraft:deaths":3,"minecraft:walk_under_water_one_cm":350,"minecraft:sneak_time":37,"minecraft:jump":285,"minecraft:leave_game":2,"minecraft:walk_on_water_one_cm":317,"minecraft:time_since_death":705,"minecraft:fall_one_cm":8368},"minecraft:picked_up":{"minecraft:dark_oak_door":1,"minecraft:sand":1,"minecraft:dirt":3,"minecraft:string":2,"minecraft:rotten_flesh":4,"minecraft:stone_bricks":1,"minecraft:poppy":1,"minecraft:oak_sapling":1,"minecraft:birch_sapling":1,"minecraft:rail":2,"minecraft:book":2}},"DataVersion":2586}