{"stats":{"minecraft:killed_by":{"minecraft:skeleton":3,"minecraft:creeper":1,"minecraft:spider":1,"minecraft:zombie":3},"minecraft:mined":{"minecraft:blue_stained_glass_pane":2,"minecraft:cyan_terracotta":5,"minecraft:dandelion":1,"minecraft:brewing_stand":2,"minecraft:crafting_table":7,"minecraft:light_gray_terracotta":1,"minecraft:acacia_log":51,"minecraft:grass_block":1,"minecraft:gray_stained_glass":2,"minecraft:chest":2,"minecraft:white_stained_glass":2,"minecraft:glass":1,"minecraft:tall_grass":1,"minecraft:spruce_leaves":4,"minecraft:light_blue_stained_glass":2,"minecraft:spawner":4,"minecraft:birch_planks":1,"minecraft:furnace":1,"minecraft:birch_log":11,"minecraft:anvil":1,"minecraft:grass":9,"minecraft:oak_log":12,"minecraft:coal_ore":14,"minecraft:rail":1,"minecraft:iron_bars":4,"minecraft:sand":1,"minecraft:cobweb":4,"minecraft:stone":28,"minecraft:oak_leaves":12},"minecraft:killed":{"betteranimalsplus:coyote":1,"minecraft:spider":10,"minecraft:skeleton":4,"minecraft:zombie":15},"minecraft:dropped":{"spartanweaponry:rapier_stone":1,"minecraft:apple":3,"minecraft:rail":2,"minecraft:leather_boots":1},"minecraft:used":{"tac:workbench":2,"minecraft:acacia_log":51,"minecraft:birch_planks":3,"minecraft:stone_pickaxe":58,"minecraft:poppy":1,"minecraft:chest":2,"minecraft:wooden_pickaxe":16,"minecraft:rotten_flesh":1,"minecraft:sand":1,"minecraft:dirt":3,"minecraft:crafting_table":5,"minecraft:carrot":4,"minecraft:acacia_sapling":18,"minecraft:dark_oak_door":1,"minecraft:oak_log":12,"spartanweaponry:rapier_stone":58,"minecraft:birch_sapling":7,"minecraft:stone_bricks":1,"minecraft:stone_axe":20,"minecraft:furnace":1,"minecraft:oak_sapling":8,"minecraft:birch_log":5,"minecraft:smooth_stone_slab":2},"minecraft:custom":{"minecraft:mob_kills":30,"minecraft:interact_with_crafting_table":9,"minecraft:play_one_minute":56701,"minecraft:leave_game":3,"minecraft:time_since_death":4241,"minecraft:climb_one_cm":5922,"minecraft:time_since_rest":4268,"minecraft:sprint_one_cm":97645,"minecraft:damage_taken":2696,"minecraft:walk_one_cm":140442,"minecraft:drop":5,"minecraft:damage_dealt":5186,"minecraft:swim_one_cm":3760,"minecraft:fly_one_cm":185222,"minecraft:open_chest":12,"minecraft:crouch_one_cm":2717,"minecraft:deaths":10,"minecraft:sneak_time":1580,"minecraft:walk_under_water_one_cm":350,"minecraft:jump":1090,"minecraft:walk_on_water_one_cm":317,"minecraft:fall_one_cm":32420},"minecraft:crafted":{"spartanshields:shield_basic_wood":1,"spartanweaponry:rapier_stone":2,"minecraft:crafting_table":1,"minecraft:wooden_pickaxe":1,"spartanweaponry:handle":9,"minecraft:birch_planks":44,"spartanshields:shield_basic_stone":1,"minecraft:stone_axe":1,"minecraft:bread":5,"minecraft:stick":4,"minecraft:stone_pickaxe":1},"minecraft:picked_up":{"minecraft:birch_log":11,"minecraft:crafting_table":8,"minecraft:ladder":2,"minecraft:anvil":1,"minecraft:wooden_pickaxe":1,"minecraft:birch_planks":16,"minecraft:oak_log":12,"minecraft:brewing_stand":2,"minecraft:dirt":3,"minecraft:string":16,"minecraft:smooth_stone_slab":2,"minecraft:leather_boots":1,"minecraft:bone":12,"minecraft:apple":3,"minecraft:stone_bricks":1,"minecraft:bow":1,"minecraft:poppy":1,"minecraft:bamboo":2,"minecraft:chest":2,"minecraft:birch_sapling":9,"minecraft:acacia_sapling":18,"minecraft:furnace":1,"minecraft:book":2,"minecraft:dark_oak_door":1,"minecraft:stick":22,"minecraft:acacia_log":51,"minecraft:sand":1,"minecraft:carrot":6,"minecraft:spider_eye":4,"minecraft:light_gray_terracotta":12,"minecraft:pumpkin_seeds":2,"minecraft:arrow":6,"minecraft:rotten_flesh":20,"minecraft:cyan_terracotta":5,"minecraft:oak_sapling":10,"minecraft:coal":14,"minecraft:iron_bars":4,"minecraft:rail":2,"minecraft:cobblestone":28}},"DataVersion":2586}