{"stat.chestOpened":3,"stat.walkOneCm":47006,"stat.playerKills":2,"stat.pickup.minecraft.splash_potion":1,"stat.useItem.minecraft.egg":10,"stat.damageTaken":20,"stat.pickup.minecraft.emerald":128,"stat.pickup.minecraft.flower_pot":1,"stat.useItem.minecraft.diamond_sword":6,"stat.pickup.minecraft.spawn_egg":1,"stat.flyOneCm":280055,"stat.pickup.minecraft.diamond_sword":1,"stat.pickup.minecraft.wheat_seeds":8,"stat.drop":6,"stat.pickup.minecraft.diamond":64,"stat.jump":299,"stat.swimOneCm":124,"stat.pickup.minecraft.egg":2,"stat.playOneMinute":24159,"stat.drop.minecraft.wheat_seeds":3,"stat.fallOneCm":822,"stat.pickup.minecraft.torch":1,"stat.pickup.minecraft.red_flower":1,"stat.sneakTime":225,"stat.pickup.minecraft.diamond_block":64,"stat.damageDealt":551,"stat.drop.minecraft.gold_ingot":64,"stat.crouchOneCm":226,"stat.timeSinceDeath":24159,"stat.drop.minecraft.emerald":64,"stat.pickup.minecraft.ender_pearl":12,"stat.sprintOneCm":20274,"stat.pickup.minecraft.wooden_door":2,"stat.useItem.minecraft.spawn_egg":23,"stat.useItem.minecraft.stone_slab2":6,"stat.mineBlock.minecraft.tallgrass":3,"stat.diveOneCm":553,"stat.craftingTableInteraction":1,"stat.pickup.minecraft.gold_ingot":128}