{"stats":{"minecraft:killed_by":{"minecraft:player":1},"minecraft:mined":{"minecraft:oak_log":5,"minecraft:oak_leaves":1},"minecraft:picked_up":{"minecraft:oak_log":5},"minecraft:crafted":{"minecraft:crafting_table":1,"minecraft:stick":8,"minecraft:oak_planks":20},"minecraft:custom":{"minecraft:jump":18,"minecraft:time_since_rest":1646,"minecraft:damage_dealt":20,"minecraft:play_one_minute":1987,"minecraft:sprint_one_cm":1507,"minecraft:deaths":1,"minecraft:damage_taken":241,"minecraft:walk_on_water_one_cm":1726,"minecraft:time_since_death":1618,"minecraft:walk_one_cm":2957,"minecraft:walk_under_water_one_cm":194,"minecraft:interact_with_crafting_table":1,"minecraft:swim_one_cm":3433,"minecraft:fall_one_cm":418,"minecraft:fly_one_cm":2702},"minecraft:used":{"minecraft:crafting_table":1}},"DataVersion":2586}