{"stats":{"minecraft:killed_by":{"minecraft:player":1,"betteranimalsplus:boar":1},"minecraft:mined":{"minecraft:large_fern":3,"minecraft:furnace":1,"minecraft:fire":1,"minecraft:sweet_berry_bush":2,"minecraft:spruce_log":6,"minecraft:crafting_table":2,"minecraft:grass":2,"minecraft:grass_block":1,"minecraft:oak_log":9,"minecraft:dirt":2,"minecraft:spruce_leaves":1,"minecraft:stone":45,"minecraft:oak_leaves":2},"minecraft:picked_up":{"minecraft:stick":2,"minecraft:crafting_table":2,"minecraft:sweet_berries":3,"minecraft:porkchop":5,"minecraft:oak_log":9,"minecraft:spruce_sapling":5,"minecraft:ink_sac":1,"minecraft:diorite":1,"minecraft:spruce_log":6,"minecraft:dirt":20,"betteranimalsplus:eel_meat_raw":4,"minecraft:arrow":1,"minecraft:rotten_flesh":4,"minecraft:wheat_seeds":1,"minecraft:oak_sapling":4,"minecraft:cobblestone":54,"minecraft:furnace":1},"minecraft:crafted":{"minecraft:oak_planks":20,"minecraft:crafting_table":1,"minecraft:stick":8,"minecraft:wooden_pickaxe":1,"minecraft:stone_pickaxe":1,"minecraft:wooden_axe":1,"betteranimalsplus:eel_meat_cooked":2,"minecraft:furnace":1,"minecraft:stone_axe":1},"minecraft:custom":{"minecraft:time_since_rest":4274,"minecraft:interact_with_furnace":4,"minecraft:sprint_one_cm":52032,"minecraft:damage_taken":765,"minecraft:walk_one_cm":42320,"minecraft:mob_kills":8,"minecraft:drop":3,"minecraft:damage_dealt":831,"minecraft:swim_one_cm":15988,"minecraft:interact_with_crafting_table":3,"minecraft:fly_one_cm":32435,"minecraft:play_one_minute":13987,"minecraft:deaths":2,"minecraft:walk_under_water_one_cm":5325,"minecraft:jump":268,"minecraft:walk_on_water_one_cm":11548,"minecraft:time_since_death":4218,"minecraft:fall_one_cm":3426},"minecraft:dropped":{"minecraft:wheat_seeds":1,"minecraft:ink_sac":1,"minecraft:stick":1},"minecraft:killed":{"betteranimalsplus:eel_freshwater":1,"minecraft:skeleton":2,"minecraft:pig":2,"minecraft:zombie":2,"minecraft:squid":1},"minecraft:used":{"betteranimalsplus:eel_meat_cooked":2,"minecraft:stone_pickaxe":39,"minecraft:wooden_pickaxe":7,"minecraft:spruce_sapling":5,"minecraft:stone_axe":33,"betteranimalsplus:eel_meat_raw":2,"minecraft:dirt":3,"minecraft:crafting_table":2,"minecraft:sweet_berries":4,"minecraft:oak_sapling":3,"minecraft:furnace":1}},"DataVersion":2586}