{
  "betteranimalsplus:bad_fox": {
    "criteria": {
      "no_bam": "2024-08-05 20:48:22 -0500"
    },
    "done": false
  },
  "betteranimalsplus:root": {
    "criteria": {
      "tick": "2024-08-05 20:48:20 -0500"
    },
    "done": true
  },
  "minecraft:adventure/adventuring_time": {
    "criteria": {
      "minecraft:desert_hills": "2024-08-05 20:50:24 -0500",
      "minecraft:desert": "2024-08-05 20:50:19 -0500",
      "minecraft:river": "2024-08-05 20:50:18 -0500",
      "minecraft:plains": "2024-08-05 20:48:20 -0500"
    },
    "done": false
  },
  "DataVersion": 2586
}